Function	Purpose	Example	Practical	Level	Type	Help
req_perform()	Sends an HTTP request.	req_perform(api_request)	[Practical 1 Part 4](materials/Practical_1_Introduction_to_R/01-04_complex_variables_plotting.qmd#sec-api)	Bonus	API	[R help](https://httr2.r-lib.org/reference/req_perform.html)
request()	Creates an HTTP request.	request(url)	[Practical 1 Part 4](materials/Practical_1_Introduction_to_R/01-04_complex_variables_plotting.qmd#sec-api)	Bonus	API	[R help](https://httr2.r-lib.org/reference/request.html)
resp_body_json()	Reads a response containing JSON data.	resp_body_json(response)	[Practical 1 Part 4](materials/Practical_1_Introduction_to_R/01-04_complex_variables_plotting.qmd#sec-api)	Bonus	API	[R help](https://httr2.r-lib.org/reference/resp_body_json.html)
abs()	Returns the absolute value of a number.	abs(-4)	[Practical 1 Part 4](materials/Practical_1_Introduction_to_R/01-04_complex_variables_plotting.qmd#ex-vectorisation)	Core	Mathematics	[R help](https://search.r-project.org/R/refmans/base/html/MathFun.html)
as.character()	Converts values to character (text) data.	as.character(detected)	[Practical 4 Part 5](materials/Practical_4_Statistics/04-05_hypothesis_testing_exercises.qmd#ex-pollinators_ht_ans8)	Core	Basic	[R help](https://search.r-project.org/R/refmans/base/html/character.html)
as.integer()	Converts values to integers.	as.integer(detected)	[Practical 6 Part 4](materials/Practical_6_Further_Statistics/06-04_glms_binom.qmd#sec-not_linear)	Extension	Basic	[R help](https://search.r-project.org/R/refmans/base/html/integer.html)
as.numeric()	Converts values to numbers.	as.numeric(detected)	[Practical 4 Part 2](materials/Practical_4_Statistics/04-02_hypothesis_testing_1.qmd#sec-visualising_linear_models_cats)	Extension	Basic	[R help](https://search.r-project.org/R/refmans/base/html/numeric.html)
as()	Converts an object from one data type or class to another.	as(combined_current_aligned, "AAStringSet")	[Practical 5 Part 4](materials/Practical_5_Bioinformatics/05-04_align_phylo.qmd#sec-alignment)	Core	Basic	[R help](https://search.r-project.org/R/refmans/methods/html/as.html)
c()	Combines values into a vector.	c(1, 5, 9)	[Practical 1 Part 4](materials/Practical_1_Introduction_to_R/01-04_complex_variables_plotting.qmd#sec-vectors)	Core	Basic	[R help](https://search.r-project.org/R/refmans/base/html/c.html)
cat()	Prints text without automatically starting a new line for each value.	cat("flap ")	[Practical 3 Part 1](materials/Practical_3_Probability/03-01_for_loops.qmd#sec-loops)	Core	Basic	[R help](https://search.r-project.org/R/refmans/base/html/cat.html)
class()	Tells you what type of data a value or variable contains.	class(x)	[Practical 1 Part 3](materials/Practical_1_Introduction_to_R/01-03_simple_variables_functions.qmd#sec-var_types_ncl)	Core	Basic	[R help](https://search.r-project.org/R/refmans/base/html/class.html)
factor()	Converts values to a factor and can specify the order of its levels.	factor(true_effect, levels = c(FALSE, TRUE))	[Practical 6 Part 8](materials/Practical_6_Further_Statistics/06-08_multiple_testing.qmd#sec-multiple_testing_corrections)	Extension	Basic	[R help](https://search.r-project.org/R/refmans/base/html/factor.html)
function()	Defines a new function.	function(x) { return(x \* 2) }	[Practical 6 Part 1](materials/Practical_6_Further_Statistics/06-01_functions.qmd#sec-writing_functions)	Core	Basic	[R help](https://search.r-project.org/R/refmans/base/html/function.html)
head()	Returns the first rows of an object.	head(rhinovirus)	[Practical 1 Part 4](materials/Practical_1_Introduction_to_R/01-04_complex_variables_plotting.qmd#ex-public_health)	Core	Basic	[R help](https://search.r-project.org/R/refmans/base/html/head.html)
install.packages()	Installs an R package.	install.packages("fortunes")	[Practical 1 Part 4](materials/Practical_1_Introduction_to_R/01-04_complex_variables_plotting.qmd#sec-packages)	Core	Basic	[R help](https://search.r-project.org/R/refmans/base/html/install.packages.html)
is.na()	Tests whether a value is missing.	is.na(x)	[Practical 1 Part 3](materials/Practical_1_Introduction_to_R/01-03_simple_variables_functions.qmd#ex-explore_r_quirks)	Extension	Basic	[R help](https://search.r-project.org/R/refmans/base/html/NA.html)
is.nan()	Tests whether a value is NaN (Not a Number).	is.nan(x)	[Practical 1 Part 3](materials/Practical_1_Introduction_to_R/01-03_simple_variables_functions.qmd#ex-explore_r_quirks)	Extension	Basic	[R help](https://search.r-project.org/R/refmans/base/html/is.finite.html)
length()	Returns the number of elements in an object.	length(count_squirrels)	[Practical 3 Part 2](materials/Practical_3_Probability/03-02_intro_to_probability.qmd#sec-inbuilt_functions)	Core	Basic	[R help](https://search.r-project.org/R/refmans/base/html/length.html)
library()	Loads an installed R package.	library(fortunes)	[Practical 1 Part 4](materials/Practical_1_Introduction_to_R/01-04_complex_variables_plotting.qmd#sec-packages)	Core	Basic	[R help](https://search.r-project.org/R/refmans/base/html/library.html)
list()	Combines values or objects into a list.	list(mean = mean_obs, sd = sd_obs)	[Practical 3 Part 3](materials/Practical_3_Probability/03-03_distributions.qmd#sec-theoretical_normal)	Core	Basic	[R help](https://search.r-project.org/R/refmans/base/html/list.html)
names()	Returns the names or identifiers of objects.	names(beaver_fasta)	[Practical 5 Part 1](materials/Practical_5_Bioinformatics/05-01_bioconductor.qmd#sec-get_sequence)	Core	Basic	[R help](https://search.r-project.org/R/refmans/base/html/names.html)
paste()	Joins values together into text.	paste("Hi", my_name)	[Practical 1 Part 1](materials/Practical_1_Introduction_to_R/01-01_using_r_and_rstudio.qmd#ex-creating_objects)	Core	Basic	[R help](https://search.r-project.org/R/refmans/base/html/paste.html)
paste0()	Joins values together into text without spaces.	paste0("abc", 1)	[Practical 5 Part 2](materials/Practical_5_Bioinformatics/05-02_sequence_analysis.qmd#sec-add_names)	Core	Basic	[R help](https://search.r-project.org/R/refmans/base/html/paste.html)
print()	Displays a value in the console.	print(x)	[Practical 1 Part 1](materials/Practical_1_Introduction_to_R/01-01_using_r_and_rstudio.qmd#sec-coding_in_the_console)	Core	Basic	[R help](https://search.r-project.org/R/refmans/base/html/print.html)
rep()	Repeats a value a specified number of times.	rep(2, 5)	[Practical 1 Part 3](materials/Practical_1_Introduction_to_R/01-03_simple_variables_functions.qmd#ex-arg_order)	Core	Basic	[R help](https://search.r-project.org/R/refmans/base/html/rep.html)
return()	Specifies the value returned by a function.	return(age_in_dog_years)	[Practical 6 Part 1](materials/Practical_6_Further_Statistics/06-01_functions.qmd#sec-writing_functions)	Core	Basic	[R help](https://search.r-project.org/R/refmans/base/html/function.html)
round()	Rounds a number to a specified number of decimal places.	round(3.14159, digits = 2)	[Practical 1 Part 3](materials/Practical_1_Introduction_to_R/01-03_simple_variables_functions.qmd#ex-first_functions)	Core	Mathematics	[R help](https://search.r-project.org/R/refmans/base/html/Round.html)
seq_len()	Creates a sequence of integers from 1 to a specified number.	seq_len(10)	[Practical 3 Part 1](materials/Practical_3_Probability/03-01_for_loops.qmd#sec-loops)	Core	Basic	[R help](https://search.r-project.org/R/refmans/base/html/seq.html)
seq()	Creates a sequence of values.	seq(1, 10, 2)	[Practical 1 Part 3](materials/Practical_1_Introduction_to_R/01-03_simple_variables_functions.qmd#sec-ordering_arguments)	Core	Basic	[R help](https://search.r-project.org/R/refmans/base/html/seq.html)
sqrt()	Calculates the square root of a number.	sqrt(9)	[Practical 1 Part 3](materials/Practical_1_Introduction_to_R/01-03_simple_variables_functions.qmd#sec-functions)	Core	Mathematics	[R help](https://search.r-project.org/R/refmans/base/html/MathFun.html)
startsWith()	Tests whether text starts with specified characters.	startsWith(spp, "s")	[Practical 3 Part 1](materials/Practical_3_Probability/03-01_for_loops.qmd#sec-loops)	Core	Basic	[R help](https://search.r-project.org/R/refmans/base/html/startsWith.html)
str()	Displays the structure of an R object.	str(json_response, max.level = 1)	[Practical 1 Part 4](materials/Practical_1_Introduction_to_R/01-04_complex_variables_plotting.qmd#sec-api)	Bonus	Basic	[R help](https://search.r-project.org/R/refmans/base/html/str.html)
sum()	Adds values together.	sum(2, 3, 4)	[Practical 1 Part 1](materials/Practical_1_Introduction_to_R/01-01_using_r_and_rstudio.qmd#ex-r_help)	Core	Mathematics	[R help](https://search.r-project.org/R/refmans/base/html/sum.html)
unique()	Returns the unique values.	unique(x)	[Practical 1 Part 4](materials/Practical_1_Introduction_to_R/01-04_complex_variables_plotting.qmd#sec-api)	Bonus	Basic	[R help](https://search.r-project.org/R/refmans/base/html/unique.html)
DNAStringSet()	Creates an object containing one or more DNA sequences.	DNAStringSet("ATATGAAACCCGGGTTTTAAGC")	[Practical 5 Part 2](materials/Practical_5_Bioinformatics/05-02_sequence_analysis.qmd#sec-orfs)	Core	Bioinformatics	[R help](https://bioconductor.org/packages/release/bioc/manuals/Biostrings/man/Biostrings.pdf)
end()	Returns the end positions of ranges.	end(orfs)	[Practical 5 Part 3](materials/Practical_5_Bioinformatics/05-03_blast.qmd#sec-join_orf_blast)	Core	Bioinformatics	[R help](https://search.r-project.org/R/refmans/stats/html/start.html)
extractAt()	Extracts sequences at specified positions.	extractAt(current_erv, orfs)	[Practical 5 Part 2](materials/Practical_5_Bioinformatics/05-02_sequence_analysis.qmd#sec-add_names)	Core	Bioinformatics	[R help](https://bioconductor.org/packages/release/bioc/manuals/IRanges/man/IRanges.pdf)
findORFs()	Finds open reading frames in nucleotide sequences.	findORFs(current_erv, minimumLength = 200)	[Practical 5 Part 2](materials/Practical_5_Bioinformatics/05-02_sequence_analysis.qmd#sec-orfs)	Core	Bioinformatics	[R help](https://bioconductor.org/packages/release/bioc/manuals/ORFik/man/ORFik.pdf)
msa()	Creates a multiple sequence alignment.	msa(combined_current, method = "Muscle")	[Practical 5 Part 4](materials/Practical_5_Bioinformatics/05-04_align_phylo.qmd#sec-alignment)	Core	Bioinformatics	[R help](https://bioconductor.org/packages/release/bioc/manuals/msa/man/msa.pdf)
readAAStringSet()	Reads amino acid sequences from a FASTA file into an AAStringSet.	readAAStringSet("output/Ccan_ERV_1_ORF_4_refs.fasta")	[Practical 5 Part 4](materials/Practical_5_Bioinformatics/05-04_align_phylo.qmd#sec-alignment)	Core	Bioinformatics	[R help](https://bioconductor.org/packages/release/bioc/manuals/Biostrings/man/Biostrings.pdf)
readDNAStringSet()	Reads DNA sequences from a FASTA file into a DNAStringSet.	readDNAStringSet("data/C_canadensis_ervs.fasta")	[Practical 5 Part 1](materials/Practical_5_Bioinformatics/05-01_bioconductor.qmd#sec-get_sequence)	Core	Bioinformatics	[R help](https://bioconductor.org/packages/release/bioc/manuals/Biostrings/man/Biostrings.pdf)
start()	Returns the start positions of ranges.	start(orfs)	[Practical 5 Part 3](materials/Practical_5_Bioinformatics/05-03_blast.qmd#sec-join_orf_blast)	Core	Bioinformatics	[R help](https://search.r-project.org/R/refmans/stats/html/start.html)
translate()	Translates nucleotide sequences into amino acid sequences.	translate(orf_seqs)	[Practical 5 Part 2](materials/Practical_5_Bioinformatics/05-02_sequence_analysis.qmd#ex-translate_orfs)	Core	Bioinformatics	[R help](https://bioconductor.org/packages/release/bioc/manuals/Biostrings/man/Biostrings.pdf)
width()	Returns the lengths of biological sequences.	width(beaver_fasta)	[Practical 5 Part 1](materials/Practical_5_Bioinformatics/05-01_bioconductor.qmd#ex-lengths_beavers)	Core	Bioinformatics	[R help](https://bioconductor.org/packages/release/bioc/manuals/BiocGenerics/man/BiocGenerics.pdf)
writeXStringSet()	Writes biological sequences to a FASTA file.	writeXStringSet(orf_aa_seqs, "output/orf_aa_seqs.fasta")	[Practical 5 Part 2](materials/Practical_5_Bioinformatics/05-02_sequence_analysis.qmd#sec-save)	Core	Bioinformatics	[R help](https://bioconductor.org/packages/release/bioc/manuals/Biostrings/man/Biostrings.pdf)
across()	Applies a function to multiple columns.	across(c(Stopover_Longitude, Stopover_Latitude), median)	[Practical 2 Part 2](materials/Practical_2_Data_Frames_and_Plots/02-02_manipulating_dataframes2.qmd#ex-across)	Extension	Data Frames	[R help](https://dplyr.tidyverse.org/reference/across.html)
arrange()	Sorts the rows of a data frame.	arrange(desc(n_obs))	[Practical 3 Part 4](materials/Practical_3_Probability/03-04_using_other_distributions.qmd#note-arrange)	Recommended	Data Frames	[R help](https://dplyr.tidyverse.org/reference/arrange.html)
as_date()	Converts values into dates.	as_date(timestamp)	[Practical 2 Part 4](materials/Practical_2_Data_Frames_and_Plots/02-04_visualisation_exercise.qmd#sec-read_data_ve)	Extension	Data Frames	[R help](https://lubridate.tidyverse.org/reference/as_date.html)
bind_rows()	Combines data frames by adding their rows together.	bind_rows(species_df, current_row)	[Practical 3 Part 1](materials/Practical_3_Probability/03-01_for_loops.qmd#sec-storing_results)	Core	Data Frames	[R help](https://dplyr.tidyverse.org/reference/bind_rows.html)
clean_names()	Cleans column names into a consistent R-friendly format.	clean_names()	[Practical 2 Part 4](materials/Practical_2_Data_Frames_and_Plots/02-04_visualisation_exercise.qmd#sec-read_data_ve)	Extension	Data Frames	[R help](https://sfirke.github.io/janitor/reference/clean_names.html)
colnames()	Returns the names of the columns in a data frame.	colnames(bird_breeding_sites)	[Practical 2 Part 1](materials/Practical_2_Data_Frames_and_Plots/02-01_manipulating_dataframes1.qmd#sec-examine_csv)	Core	Data Frames	[R help](https://www.r-project.org/help.html)
count()	Counts observations for each combination of values.	count(land_cover, country)	[Practical 4 Part 4](materials/Practical_4_Statistics/04-04_hypothesis_testing_3.qmd#sec-chi_squared)	Core	Data Frames	[R help](https://dplyr.tidyverse.org/reference/count.html)
desc()	Sorts values in descending order when used with arrange().	desc(n_obs)	[Practical 3 Part 4](materials/Practical_3_Probability/03-04_using_other_distributions.qmd#note-arrange)	Recommended	Data Frames	[R help](https://dplyr.tidyverse.org/reference/desc.html)
distinct()	Removes duplicate rows from a data frame.	distinct()	[Practical 2 Part 1](materials/Practical_2_Data_Frames_and_Plots/02-01_manipulating_dataframes1.qmd#sec-select)	Core	Data Frames	[R help](https://dplyr.tidyverse.org/reference/distinct.html)
ends_with()	Selects columns whose names end with specified text.	ends_with(c("\_Longitude", "\_Latitude"))	[Practical 2 Part 2](materials/Practical_2_Data_Frames_and_Plots/02-02_manipulating_dataframes2.qmd#sec-long_wide)	Recommended	Data Frames	[R help](https://dplyr.tidyverse.org/reference/ends_with.html)
everything()	Selects all columns in a data frame.	everything()	[Practical 4 Part 7](materials/Practical_4_Statistics/04-07_estimators_and_bootstrapping.qmd#sec-estimators)	Extension	Data Frames	[R help](https://dplyr.tidyverse.org/reference/everything.html)
filter()	Keeps rows that meet a condition.	filter(Site != "Spain")	[Practical 2 Part 1](materials/Practical_2_Data_Frames_and_Plots/02-01_manipulating_dataframes1.qmd#sec-filter)	Core	Data Frames	[R help](https://dplyr.tidyverse.org/reference/filter.html)
full_join()	Combines two data frames while keeping all rows.	full_join(df_dept, df_score)	[Practical 2 Part 2](materials/Practical_2_Data_Frames_and_Plots/02-02_manipulating_dataframes2.qmd#sec-merge)	Core	Data Frames	[R help](https://dplyr.tidyverse.org/reference/full_join.html)
glimpse()	Displays a compact summary of a data frame.	glimpse(bird_breeding_sites)	[Practical 2 Part 1](materials/Practical_2_Data_Frames_and_Plots/02-01_manipulating_dataframes1.qmd#sec-examine_csv)	Core	Data Frames	[R help](https://dplyr.tidyverse.org/reference/glimpse.html)
group_by()	Groups rows that share the same values.	group_by(Site)	[Practical 2 Part 2](materials/Practical_2_Data_Frames_and_Plots/02-02_manipulating_dataframes2.qmd#sec-summary_stats)	Core	Data Frames	[R help](https://dplyr.tidyverse.org/reference/group_by.html)
gt()	Displays a nicely formatted table.	gt(my_data_frame)	[Practical 1 Part 4](materials/Practical_1_Introduction_to_R/01-04_complex_variables_plotting.qmd#sec-data_frames)	Core	Data Frames	[R help](https://gt.rstudio.com/reference/gt.html)
inner_join()	Combines two data frames keeping only matching rows.	inner_join(df_dept, df_score)	[Practical 2 Part 2](materials/Practical_2_Data_Frames_and_Plots/02-02_manipulating_dataframes2.qmd#sec-merge)	Core	Data Frames	[R help](https://dplyr.tidyverse.org/reference/inner_join.html)
lead()	Returns the next value in a vector or data-frame column.	lead(deviance)	[Practical 6 Part 6](materials/Practical_6_Further_Statistics/06-06_choosing_a_model.qmd#sec-lrt)	Core	Data Frames	[R help](https://dplyr.tidyverse.org/reference/lead.html)
left_join()	Combines two data frames keeping all rows from the first.	left_join(df_dept, df_score)	[Practical 2 Part 2](materials/Practical_2_Data_Frames_and_Plots/02-02_manipulating_dataframes2.qmd#sec-merge)	Core	Data Frames	[R help](https://dplyr.tidyverse.org/reference/left_join.html)
mutate()	Creates or modifies columns in a data frame.	mutate(detected = n_observed > 0)	[Practical 3 Part 5](materials/Practical_3_Probability/03-05_Bayes_theorem.qmd#ex-simulation_by_age)	Core	Data Frames	[R help](https://dplyr.tidyverse.org/reference/mutate.html)
n()	Returns the number of observations in the current group.	summarise(n_observations = n())	[Practical 4 Part 2](materials/Practical_4_Statistics/04-02_hypothesis_testing_1.qmd#sec-t_confidence_intervals)	Extension	Data Frames	[R help](https://dplyr.tidyverse.org/reference/context.html)
nrow()	Returns the number of rows in a data frame.	nrow(dcounts)	[Practical 4 Part 2](materials/Practical_4_Statistics/04-02_hypothesis_testing_1.qmd#sec-examining_data)	Core	Data Frames	[R help](https://dplyr.tidyverse.org/reference/reexports.html)
pivot_longer()	Converts data from wide to long format.	pivot_longer(cols = ends_with("\_Latitude"))	[Practical 2 Part 2](materials/Practical_2_Data_Frames_and_Plots/02-02_manipulating_dataframes2.qmd#sec-long_wide)	Recommended	Data Frames	[R help](https://tidyr.tidyverse.org/reference/pivot_longer.html)
pivot_wider()	Converts data from long to wide format.	pivot_wider(names_from = Location_Type, values_from = Longitude)	[Practical 2 Part 2](materials/Practical_2_Data_Frames_and_Plots/02-02_manipulating_dataframes2.qmd#ex-pivot_wider)	Extension	Data Frames	[R help](https://tidyr.tidyverse.org/reference/pivot_wider.html)
pull()	Extracts a column from a data frame.	pull(spring_data, Longitude)	[Practical 2 Part 3](materials/Practical_2_Data_Frames_and_Plots/02-03_visualisation.qmd#sec-axis_limits)	Core	Data Frames	[R help](https://www.r-project.org/help.html)
read_csv()	Reads a CSV file into R.	read_csv("data/weather_data.csv")	[Practical 1 Part 4](materials/Practical_1_Introduction_to_R/01-04_complex_variables_plotting.qmd#sec-reading_csv)	Core	Data Frames	[R help](https://readr.tidyverse.org/reference/read_csv.html)
rename()	Renames columns in a data frame.	rename(Breeding_Longitude = Longitude)	[Practical 2 Part 1](materials/Practical_2_Data_Frames_and_Plots/02-01_manipulating_dataframes1.qmd#sec-select)	Core	Data Frames	[R help](https://dplyr.tidyverse.org/reference/rename.html)
right_join()	Combines two data frames keeping all rows from the second.	right_join(df_dept, df_score)	[Practical 2 Part 2](materials/Practical_2_Data_Frames_and_Plots/02-02_manipulating_dataframes2.qmd#sec-merge)	Core	Data Frames	[R help](https://dplyr.tidyverse.org/reference/right_join.html)
select()	Selects specific columns from a data frame.	select(Site, Longitude, Latitude)	[Practical 2 Part 1](materials/Practical_2_Data_Frames_and_Plots/02-01_manipulating_dataframes1.qmd#sec-select)	Core	Data Frames	[R help](https://dplyr.tidyverse.org/reference/select.html)
separate_wider_delim()	Splits one column into multiple columns using a delimiter.	separate_wider_delim(subject, delim = "\|", names = c("accession", "description", "genus", "gene"))	[Practical 5 Part 3](materials/Practical_5_Bioinformatics/05-03_blast.qmd#sec-process_blast)	Core	Data Frames	[R help](https://tidyr.tidyverse.org/reference/separate_wider_delim.html)
slice_head()	Selects the first rows of a data frame.	slice_head(n = 1)	[Practical 6 Part 7](materials/Practical_6_Further_Statistics/06-07_power_analysis.qmd#sec-simulation_power)	Extension	Data Frames	[R help](https://dplyr.tidyverse.org/reference/slice_head.html)
slice_max()	Selects rows with the largest values within each group.	slice_max(bit_score, n = 1, with_ties = FALSE)	[Practical 5 Part 3](materials/Practical_5_Bioinformatics/05-03_blast.qmd#sec-select_longest)	Core	Data Frames	[R help](https://dplyr.tidyverse.org/reference/slice_max.html)
slice_sample()	Takes a random sample of rows from a data frame.	slice_sample(inverts, n = 85, replace = TRUE)	[Practical 4 Part 7](materials/Practical_4_Statistics/04-07_estimators_and_bootstrapping.qmd#ex-bootstrap_invert)	Extension	Data Frames	[R help](https://dplyr.tidyverse.org/reference/slice_sample.html)
summarise()	Calculates summary values for groups of rows.	summarise(Mean_Latitude = mean(Latitude))	[Practical 2 Part 2](materials/Practical_2_Data_Frames_and_Plots/02-02_manipulating_dataframes2.qmd#sec-summary_stats)	Core	Data Frames	[R help](https://dplyr.tidyverse.org/reference/summarise.html)
tibble()	Creates a data frame.	tibble(fruit = c("apple", "pear"))	[Practical 1 Part 4](materials/Practical_1_Introduction_to_R/01-04_complex_variables_plotting.qmd#sec-data_frames)	Core	Data Frames	[R help](https://dplyr.tidyverse.org/reference/tibble.html)
ungroup()	Removes grouping from a grouped data frame.	ungroup()	[Practical 5 Part 3](materials/Practical_5_Bioinformatics/05-03_blast.qmd#sec-select_longest)	Core	Data Frames	[R help](https://dplyr.tidyverse.org/reference/ungroup.html)
write_csv()	Saves a data frame as a CSV file.	write_csv(spring_data, "output/birds_spring.csv")	[Practical 2 Part 2](materials/Practical_2_Data_Frames_and_Plots/02-02_manipulating_dataframes2.qmd#sec-divide)	Core	Data Frames	[R help](https://readr.tidyverse.org/reference/write_csv.html)
between()	Tests whether values lie between two limits.	between(t_dist, lower, upper)	[Practical 4 Part 2](materials/Practical_4_Statistics/04-02_hypothesis_testing_1.qmd#sec-t_dist)	Extension	Basic	[R help](https://dplyr.tidyverse.org/reference/between.html)
ceiling()	Rounds a number up to the nearest integer.	ceiling(power_test$n)	[Practical 6 Part 7](materials/Practical_6_Further_Statistics/06-07_power_analysis.qmd#sec-t_test_power)	Extension	Mathematics	[R help](https://search.r-project.org/R/refmans/base/html/Round.html)
cos()	Calculates the cosine of a value.	cos(4 \* pi \* x / 1000)	[Practical 3 Part 6](materials/Practical_3_Probability/03-06_bonus_non_standard_distributions.qmd#sec-exercise_pdf)	Bonus	Mathematics	[R help](https://search.r-project.org/R/refmans/base/html/Trig.html)
exp()	Calculates the exponential of a value.	exp(x_vec)	[Practical 6 Part 2](materials/Practical_6_Further_Statistics/06-02_model_assumptions.qmd#ex-diagnostic_function)	Recommended	Mathematics	[R help](https://search.r-project.org/R/refmans/base/html/Log.html)
log()	Calculates the natural logarithm of a value.	log(x_vec)	[Practical 6 Part 2](materials/Practical_6_Further_Statistics/06-02_model_assumptions.qmd#ex-diagnostic_function)	Recommended	Mathematics	[R help](https://search.r-project.org/R/refmans/base/html/Log.html)
prod()	Calculates the product of a set of values.	prod(probs)	[Practical 6 Part 4](materials/Practical_6_Further_Statistics/06-04_glms_binom.qmd#ex-not_log_likelihood)	Extension	Mathematics	[R help](https://search.r-project.org/R/refmans/stats/html/prod.html)
fortune()	Displays a random quote from the fortunes package.	fortune()	[Practical 1 Part 4](materials/Practical_1_Introduction_to_R/01-04_complex_variables_plotting.qmd#sec-packages)	Core	Misc	[R help](https://search.r-project.org/CRAN/refmans/fortunes/html/fortune.html)
say()	Prints text as ASCII art using the cowsay package.	say("Hello", by = "frog")	[Practical 3 Part 1](materials/Practical_3_Probability/03-01_for_loops.qmd#sec-loops)	Core	Misc	[R help](https://search.r-project.org/CRAN/refmans/cowsay/html/say.html)
DistanceMatrix()	Calculates a distance matrix from aligned biological sequences.	DistanceMatrix(fasta_current)	[Practical 5 Part 4](materials/Practical_5_Bioinformatics/05-04_align_phylo.qmd#sec-phylogeny)	Core	Phylogenetics	[R help](https://bioconductor.org/packages/release/bioc/manuals/DECIPHER/man/DECIPHER.pdf)
geom_tiplab()	Adds labels to the tips of a phylogenetic tree.	geom_tiplab(size = 2)	[Practical 5 Part 4](materials/Practical_5_Bioinformatics/05-04_align_phylo.qmd#sec-visualise_phylogeny)	Core	Phylogenetics	[R help](https://yulab-smu.top/treedata-book/)
geom_treescale()	Adds an evolutionary-distance scale bar to a phylogenetic tree.	geom_treescale(x = 0, y = 0, fontsize = 3)	[Practical 5 Part 4](materials/Practical_5_Bioinformatics/05-04_align_phylo.qmd#sec-visualise_phylogeny)	Core	Phylogenetics	[R help](https://yulab-smu.top/treedata-book/)
ggtree()	Creates a plot of a phylogenetic tree.	ggtree(current_newick)	[Practical 5 Part 4](materials/Practical_5_Bioinformatics/05-04_align_phylo.qmd#sec-visualise_phylogeny)	Core	Phylogenetics	[R help](https://yulab-smu.top/treedata-book/)
nj()	Constructs a neighbour-joining phylogenetic tree from a distance matrix.	nj(distance_matrix)	[Practical 5 Part 4](materials/Practical_5_Bioinformatics/05-04_align_phylo.qmd#sec-phylogeny)	Core	Phylogenetics	[R help](https://search.r-project.org/CRAN/refmans/ape/html/nj.html)
read.newick()	Reads a phylogenetic tree from a Newick file.	read.newick("output/gag_Ccan_ERV_1_ORF_4.nwk")	[Practical 5 Part 4](materials/Practical_5_Bioinformatics/05-04_align_phylo.qmd#sec-visualise_phylogeny)	Core	Phylogenetics	[R help](https://bioconductor.org/packages/release/bioc/manuals/treeio/man/treeio.pdf)
write.tree()	Saves a phylogenetic tree in Newick format.	write.tree(tree, file = "output/gag_Ccan_ERV_1_ORF_4.nwk")	[Practical 5 Part 4](materials/Practical_5_Bioinformatics/05-04_align_phylo.qmd#sec-phylogeny)	Core	Phylogenetics	[R help](https://search.r-project.org/CRAN/refmans/ape/html/write.tree.html)
aes()	Maps variables to plot aesthetics.	aes(x = date, y = temperature)	[Practical 1 Part 4](materials/Practical_1_Introduction_to_R/01-04_complex_variables_plotting.qmd#sec-adding_axes)	Core	Plotting	[R help](https://ggplot2.tidyverse.org/reference/aes.html)
after_stat()	Uses a value calculated by a ggplot statistical transformation.	after_stat(density)	[Practical 3 Part 3](materials/Practical_3_Probability/03-03_distributions.qmd#sec-prob_dens)	Core	Plotting	[R help](https://ggplot2.tidyverse.org/reference/aes_eval.html)
annotation_borders()	Adds country borders to a map.	annotation_borders(linewidth = 0.2)	[Practical 2 Part 3](materials/Practical_2_Data_Frames_and_Plots/02-03_visualisation.qmd#sec-add_map)	Core	Plotting	[R help](https://paleolimbot.github.io/ggspatial/reference/annotation_borders.html)
coord_cartesian()	Sets the visible range of a plot without removing data.	coord_cartesian(xlim = c(0, 10))	[Practical 2 Part 3](materials/Practical_2_Data_Frames_and_Plots/02-03_visualisation.qmd#sec-axis_limits)	Core	Plotting	[R help](https://ggplot2.tidyverse.org/reference/coord_cartesian.html)
coord_quickmap()	Sets map coordinates while preserving the map's aspect ratio.	coord_quickmap(xlim = c(-20, 20))	[Practical 2 Part 3](materials/Practical_2_Data_Frames_and_Plots/02-03_visualisation.qmd#sec-add_map)	Core	Plotting	[R help](https://ggplot2.tidyverse.org/reference/coord_quickmap.html)
dup_axis()	Creates a secondary axis that duplicates an existing ggplot axis.	dup_axis(name = "Model")	[Practical 6 Part 6](materials/Practical_6_Further_Statistics/06-06_choosing_a_model.qmd#sec-lrt)	Core	Plotting	[R help](https://ggplot2.tidyverse.org/reference/sec_axis.html)
facet_wrap()	Splits a ggplot into separate panels based on a variable.	facet_wrap(\~variable, scales = "free_x")	[Practical 4 Part 3](materials/Practical_4_Statistics/04-03_hypothesis_testing_2.qmd#sec-multi_way_anova)	Core	Plotting	[R help](https://ggplot2.tidyverse.org/reference/facet_wrap.html)
geom_bar()	Creates a bar chart by counting observations.	geom_bar()	[Practical 3 Part 2](materials/Practical_3_Probability/03-02_intro_to_probability.qmd#ex-plot_squirrels)	Core	Plotting	[R help](https://ggplot2.tidyverse.org/reference/geom_bar.html)
geom_boxplot()	Adds a box plot to a ggplot.	geom_boxplot()	[Practical 4 Part 2](materials/Practical_4_Statistics/04-02_hypothesis_testing_1.qmd#ex-boxplot_bees)	Recommended	Plotting	[R help](https://ggplot2.tidyverse.org/reference/geom_boxplot.html)
geom_col()	Creates a bar chart using values already present in the data.	geom_col()	[Practical 3 Part 2](materials/Practical_3_Probability/03-02_intro_to_probability.qmd#ex-theoretical_binom)	Extension	Plotting	[R help](https://ggplot2.tidyverse.org/reference/geom_col.html)
geom_density()	Plots the distribution of a continuous variable as a density curve.	geom_density()	[Practical 4 Part 2](materials/Practical_4_Statistics/04-02_hypothesis_testing_1.qmd#ex-t_dist)	Extension	Plotting	[R help](https://ggplot2.tidyverse.org/reference/geom_density.html)
geom_histogram()	Plots the distribution of a continuous variable as a histogram.	geom_histogram(bins = 50)	[Practical 3 Part 3](materials/Practical_3_Probability/03-03_distributions.qmd#ex-plot_sim_drosophila)	Core	Plotting	[R help](https://ggplot2.tidyverse.org/reference/geom_histogram.html)
geom_hline()	Adds a horizontal line to a ggplot.	geom_hline(aes(yintercept = overall_mean))	[Practical 4 Part 2](materials/Practical_4_Statistics/04-02_hypothesis_testing_1.qmd#sec-visualising_linear_models_cats)	Extension	Plotting	[R help](https://ggplot2.tidyverse.org/reference/geom_hline.html)
geom_line()	Adds a line to a ggplot.	geom_line()	[Practical 1 Part 4](materials/Practical_1_Introduction_to_R/01-04_complex_variables_plotting.qmd#sec-adding_data)	Core	Plotting	[R help](https://ggplot2.tidyverse.org/reference/geom_line.html)
geom_path()	Connects observations in their order in the data.	geom_path(aes(group = Site))	[Practical 2 Part 3](materials/Practical_2_Data_Frames_and_Plots/02-03_visualisation.qmd#sec-add_paths)	Recommended	Plotting	[R help](https://ggplot2.tidyverse.org/reference/geom_path.html)
geom_point()	Adds points to a ggplot.	geom_point()	[Practical 2 Part 3](materials/Practical_2_Data_Frames_and_Plots/02-03_visualisation.qmd#sec-add_points)	Core	Plotting	[R help](https://ggplot2.tidyverse.org/reference/geom_point.html)
geom_smooth()	Adds a fitted smooth or model line to a ggplot.	geom_smooth(method = "lm", se = FALSE)	[Practical 4 Part 2](materials/Practical_4_Statistics/04-02_hypothesis_testing_1.qmd#sec-visualising_linear_models_cats)	Extension	Plotting	[R help](https://ggplot2.tidyverse.org/reference/geom_smooth.html)
geom_vline()	Adds a vertical line to a ggplot.	geom_vline(xintercept = sample_diff)	[Practical 3 Part 3](materials/Practical_3_Probability/03-03_distributions.qmd#ex-plot_sim_drosophila)	Core	Plotting	[R help](https://ggplot2.tidyverse.org/reference/geom_vline.html)
ggplot()	Starts a ggplot.	ggplot(weather)	[Practical 1 Part 4](materials/Practical_1_Introduction_to_R/01-04_complex_variables_plotting.qmd#sec-initiating_plots)	Core	Plotting	[R help](https://ggplot2.tidyverse.org/reference/ggplot.html)
ggsave()	Saves a plot to a file.	ggsave("output/tree.pdf", plot = tree_plot)	[Practical 5 Part 4](materials/Practical_5_Bioinformatics/05-04_align_phylo.qmd#sec-visualise_phylogeny)	Core	Plotting	[R help](https://ggplot2.tidyverse.org/reference/ggsave.html)
ggtitle()	Adds a title to a ggplot.	ggtitle("Temperature by Date")	[Practical 1 Part 4](materials/Practical_1_Introduction_to_R/01-04_complex_variables_plotting.qmd#sec-adding_features_gg)	Core	Plotting	[R help](https://ggplot2.tidyverse.org/reference/labs.html)
plot()	Creates a plot; for a fitted linear model it produces standard diagnostic plots.	plot(lm_temp_prec)	[Practical 6 Part 2](materials/Practical_6_Further_Statistics/06-02_model_assumptions.qmd#sec-plotall)	Core	Plotting	[R help](https://search.r-project.org/R/refmans/graphics/html/plot.default.html)
position_stack()	Controls how overlapping plot elements are stacked.	position_stack(reverse = TRUE)	[Practical 6 Part 8](materials/Practical_6_Further_Statistics/06-08_multiple_testing.qmd#sec-multiple_testing_corrections)	Extension	Plotting	[R help](https://ggplot2.tidyverse.org/reference/position_stack.html)
scale_color_brewer()	Changes plot colours using a ColorBrewer palette.	scale_color_brewer(palette = "Dark2")	[Practical 2 Part 3](materials/Practical_2_Data_Frames_and_Plots/02-03_visualisation.qmd#sec-nice_plot)	Extension	Plotting	[R help](https://ggplot2.tidyverse.org/reference/scale_color_brewer.html)
scale_x_continuous()	Customises a continuous x axis in a ggplot.	scale_x_continuous(sec.axis = dup_axis(...))	[Practical 6 Part 6](materials/Practical_6_Further_Statistics/06-06_choosing_a_model.qmd#sec-lrt)	Core	Plotting	[R help](https://ggplot2.tidyverse.org/reference/scale_x_continuous.html)
scale_y_continuous()	Customises a continuous y axis in a ggplot.	scale_y_continuous(limits = c(0, 1))	[Practical 6 Part 7](materials/Practical_6_Further_Statistics/06-07_power_analysis.qmd#ex-toast-power)	Bonus	Plotting	[R help](https://ggplot2.tidyverse.org/reference/scale_y_continuous.html)
stat_function()	Adds a curve defined by a function to a ggplot.	stat_function(fun = dnorm, args = list(mean = mean_obs, sd = sd_obs))	[Practical 3 Part 3](materials/Practical_3_Probability/03-03_distributions.qmd#sec-theoretical_normal)	Core	Plotting	[R help](https://ggplot2.tidyverse.org/reference/stat_function.html)
stat_qq_line()	Adds a reference line to a Q-Q plot.	stat_qq_line()	[Practical 6 Part 2](materials/Practical_6_Further_Statistics/06-02_model_assumptions.qmd#sec-qq)	Core	Plotting	[R help](https://ggplot2.tidyverse.org/reference/stat_qq_line.html)
stat_qq()	Adds a Q-Q plot to a ggplot.	stat_qq()	[Practical 6 Part 2](materials/Practical_6_Further_Statistics/06-02_model_assumptions.qmd#sec-qq)	Core	Plotting	[R help](https://ggplot2.tidyverse.org/reference/stat_qq.html)
theme_bw()	Applies a simple black-and-white theme to a ggplot.	theme_bw()	[Practical 2 Part 3](materials/Practical_2_Data_Frames_and_Plots/02-03_visualisation.qmd#sec-nice_plot)	Extension	Plotting	[R help](https://ggplot2.tidyverse.org/reference/theme_bw.html)
xlab()	Sets the x-axis label.	xlab("Date")	[Practical 1 Part 4](materials/Practical_1_Introduction_to_R/01-04_complex_variables_plotting.qmd#sec-adding_features_gg)	Core	Plotting	[R help](https://ggplot2.tidyverse.org/reference/labs.html)
ylab()	Sets the y-axis label.	ylab("Temperature")	[Practical 1 Part 4](materials/Practical_1_Introduction_to_R/01-04_complex_variables_plotting.qmd#sec-adding_features_gg)	Core	Plotting	[R help](https://ggplot2.tidyverse.org/reference/labs.html)
dbeta()	Calculates probability density from a beta distribution.	dbeta(0.5, shape1 = 2, shape2 = 5)	[Practical 3 Part 3](materials/Practical_3_Probability/03-03_distributions.qmd#sec-other_distributions)	Core	Probability	[R help](https://search.r-project.org/R/refmans/stats/html/Beta.html)
dbinom()	Calculates the probability of a specific number of successes in a binomial distribution.	dbinom(48, 150, 0.3)	[Practical 3 Part 2](materials/Practical_3_Probability/03-02_intro_to_probability.qmd#sec-using_prob_functions)	Core	Probability	[R help](https://search.r-project.org/R/refmans/stats/html/Binomial.html)
dchisq()	Calculates probability density from a chi-squared distribution.	dchisq(5, df = 5)	[Practical 3 Part 3](materials/Practical_3_Probability/03-03_distributions.qmd#sec-other_distributions)	Core	Probability	[R help](https://search.r-project.org/R/refmans/stats/html/Chisquare.html)
dexp()	Calculates probability density from an exponential distribution.	dexp(1, rate = 1)	[Practical 3 Part 3](materials/Practical_3_Probability/03-03_distributions.qmd#sec-other_distributions)	Core	Probability	[R help](https://search.r-project.org/R/refmans/stats/html/Exponential.html)
df()	Calculates probability density from an F distribution.	df(1, df1 = 5, df2 = 10)	[Practical 3 Part 3](materials/Practical_3_Probability/03-03_distributions.qmd#sec-other_distributions)	Core	Probability	[R help](https://search.r-project.org/R/refmans/stats/html/FDist.html)
dgamma()	Calculates probability density from a gamma distribution.	dgamma(1, shape = 2)	[Practical 3 Part 3](materials/Practical_3_Probability/03-03_distributions.qmd#sec-other_distributions)	Core	Probability	[R help](https://search.r-project.org/R/refmans/stats/html/GammaDist.html)
dgeom()	Calculates probabilities from a geometric distribution.	dgeom(2, prob = 0.5)	[Practical 3 Part 3](materials/Practical_3_Probability/03-03_distributions.qmd#sec-other_distributions)	Core	Probability	[R help](https://search.r-project.org/R/refmans/stats/html/Geometric.html)
dhyper()	Calculates probabilities from a hypergeometric distribution.	dhyper(2, 10, 20, 5)	[Practical 3 Part 3](materials/Practical_3_Probability/03-03_distributions.qmd#sec-other_distributions)	Core	Probability	[R help](https://search.r-project.org/R/refmans/stats/html/Hypergeometric.html)
dlnorm()	Calculates probability density from a log-normal distribution.	dlnorm(1)	[Practical 3 Part 3](materials/Practical_3_Probability/03-03_distributions.qmd#sec-other_distributions)	Core	Probability	[R help](https://search.r-project.org/R/refmans/stats/html/Lognormal.html)
dnbinom()	Calculates probabilities from a negative binomial distribution.	dnbinom(5, size = 5, mu = 10)	[Practical 3 Part 3](materials/Practical_3_Probability/03-03_distributions.qmd#sec-other_distributions)	Core	Probability	[R help](https://search.r-project.org/R/refmans/stats/html/NegBinomial.html)
dnorm()	Calculates probability density from a normal distribution.	dnorm(0, mean = 0, sd = 1)	[Practical 3 Part 3](materials/Practical_3_Probability/03-03_distributions.qmd#sec-theoretical_normal)	Core	Probability	[R help](https://search.r-project.org/R/refmans/stats/html/Normal.html)
dpois()	Calculates probabilities from a Poisson distribution.	dpois(x = 4, lambda = 5)	[Practical 3 Part 3](materials/Practical_3_Probability/03-03_distributions.qmd#sec-theroretical_drosophila)	Extension	Probability	[R help](https://search.r-project.org/R/refmans/stats/html/Poisson.html)
dt()	Calculates probability density from a Student's t distribution.	dt(1, df = 10)	[Practical 3 Part 3](materials/Practical_3_Probability/03-03_distributions.qmd#sec-other_distributions)	Core	Probability	[R help](https://search.r-project.org/R/refmans/stats/html/TDist.html)
dunif()	Calculates probability density from a uniform distribution.	dunif(0.5, min = 0, max = 1)	[Practical 3 Part 3](materials/Practical_3_Probability/03-03_distributions.qmd#sec-other_distributions)	Core	Probability	[R help](https://search.r-project.org/R/refmans/stats/html/Uniform.html)
dweibull()	Calculates probability density from a Weibull distribution.	dweibull(x, shape = 2, scale = 50)	[Practical 3 Part 4](materials/Practical_3_Probability/03-04_using_other_distributions.qmd#sec-distribution_2)	Bonus	Probability	[R help](https://search.r-project.org/R/refmans/stats/html/Weibull.html)
integrate()	Calculates the area under a function over a specified range.	integrate(function(x) { 3 \* x \* (40 - x) / 32000 }, lower = 0, upper = 40)	[Practical 3 Part 6](materials/Practical_3_Probability/03-06_bonus_non_standard_distributions.qmd#sec-user_defined)	Bonus	Probability	[R help](https://search.r-project.org/R/refmans/stats/html/integrate.html)
pbeta()	Calculates cumulative probabilities from a beta distribution.	pbeta(0.5, shape1 = 2, shape2 = 5)	[Practical 3 Part 3](materials/Practical_3_Probability/03-03_distributions.qmd#sec-other_distributions)	Core	Probability	[R help](https://search.r-project.org/R/refmans/stats/html/Beta.html)
pbinom()	Calculates the cumulative probability for a binomial distribution.	pbinom(48, 150, 0.3)	[Practical 3 Part 2](materials/Practical_3_Probability/03-02_intro_to_probability.qmd#sec-inbuilt_functions)	Core	Probability	[R help](https://search.r-project.org/R/refmans/stats/html/Binomial.html)
pchisq()	Calculates cumulative probabilities from a chi-squared distribution.	pchisq(5, df = 5)	[Practical 3 Part 3](materials/Practical_3_Probability/03-03_distributions.qmd#sec-other_distributions)	Core	Probability	[R help](https://search.r-project.org/R/refmans/stats/html/Chisquare.html)
pexp()	Calculates cumulative probabilities from an exponential distribution.	pexp(1, rate = 1)	[Practical 3 Part 3](materials/Practical_3_Probability/03-03_distributions.qmd#sec-other_distributions)	Core	Probability	[R help](https://search.r-project.org/R/refmans/stats/html/Exponential.html)
pf()	Calculates cumulative probabilities from an F distribution.	pf(1, df1 = 5, df2 = 10)	[Practical 3 Part 3](materials/Practical_3_Probability/03-03_distributions.qmd#sec-other_distributions)	Core	Probability	[R help](https://search.r-project.org/R/refmans/stats/html/FDist.html)
pgamma()	Calculates cumulative probabilities from a gamma distribution.	pgamma(1, shape = 2)	[Practical 3 Part 3](materials/Practical_3_Probability/03-03_distributions.qmd#sec-other_distributions)	Core	Probability	[R help](https://search.r-project.org/R/refmans/stats/html/GammaDist.html)
pgeom()	Calculates cumulative probabilities from a geometric distribution.	pgeom(2, prob = 0.5)	[Practical 3 Part 3](materials/Practical_3_Probability/03-03_distributions.qmd#sec-other_distributions)	Core	Probability	[R help](https://search.r-project.org/R/refmans/stats/html/Geometric.html)
phyper()	Calculates cumulative probabilities from a hypergeometric distribution.	phyper(2, 10, 20, 5)	[Practical 3 Part 3](materials/Practical_3_Probability/03-03_distributions.qmd#sec-other_distributions)	Core	Probability	[R help](https://search.r-project.org/R/refmans/stats/html/Hypergeometric.html)
pinv.new()	Creates a random number generator for a user-defined probability density function.	pinv.new(pdf = function(x) { 3 \* x \* (40 - x) / 32000 }, lb = 0, ub = 40)	[Practical 3 Part 6](materials/Practical_3_Probability/03-06_bonus_non_standard_distributions.qmd#sec-user_defined)	Bonus	Probability	[R help](https://search.r-project.org/CRAN/refmans/Runuran/html/pinv.new.html)
plnorm()	Calculates cumulative probabilities from a log-normal distribution.	plnorm(1)	[Practical 3 Part 3](materials/Practical_3_Probability/03-03_distributions.qmd#sec-other_distributions)	Core	Probability	[R help](https://search.r-project.org/R/refmans/stats/html/Lognormal.html)
pnbinom()	Calculates cumulative probabilities from a negative binomial distribution.	pnbinom(5, size = 5, mu = 10)	[Practical 3 Part 3](materials/Practical_3_Probability/03-03_distributions.qmd#sec-other_distributions)	Core	Probability	[R help](https://search.r-project.org/R/refmans/stats/html/NegBinomial.html)
pnorm()	Calculates cumulative probabilities from a normal distribution.	pnorm(1.96, mean = 0, sd = 1)	[Practical 3 Part 3](materials/Practical_3_Probability/03-03_distributions.qmd#sec-other_distributions)	Core	Probability	[R help](https://search.r-project.org/R/refmans/stats/html/Normal.html)
ppois()	Calculates cumulative probabilities from a Poisson distribution.	ppois(4, lambda = 5)	[Practical 3 Part 3](materials/Practical_3_Probability/03-03_distributions.qmd#sec-other_distributions)	Core	Probability	[R help](https://search.r-project.org/R/refmans/stats/html/Poisson.html)
pt()	Calculates cumulative probabilities from a Student's t distribution.	pt(1, df = 10)	[Practical 3 Part 3](materials/Practical_3_Probability/03-03_distributions.qmd#sec-other_distributions)	Core	Probability	[R help](https://search.r-project.org/R/refmans/stats/html/TDist.html)
punif()	Calculates cumulative probabilities from a uniform distribution.	punif(0.5, min = 0, max = 1)	[Practical 3 Part 3](materials/Practical_3_Probability/03-03_distributions.qmd#sec-other_distributions)	Core	Probability	[R help](https://search.r-project.org/R/refmans/stats/html/Uniform.html)
pweibull()	Calculates cumulative probabilities from a Weibull distribution.	pweibull(50, shape = 2, scale = 50)	[Practical 3 Part 4](materials/Practical_3_Probability/03-04_using_other_distributions.qmd#sec-distribution_2)	Bonus	Probability	[R help](https://search.r-project.org/R/refmans/stats/html/Weibull.html)
qbeta()	Calculates a quantile of a beta distribution.	qbeta(0.95, shape1 = 2, shape2 = 5)	[Practical 3 Part 3](materials/Practical_3_Probability/03-03_distributions.qmd#sec-other_distributions)	Core	Probability	[R help](https://search.r-project.org/R/refmans/stats/html/Beta.html)
qbinom()	Calculates a quantile of a binomial distribution.	qbinom(0.95, size = 10, prob = 0.5)	[Practical 3 Part 3](materials/Practical_3_Probability/03-03_distributions.qmd#sec-other_distributions)	Core	Probability	[R help](https://search.r-project.org/R/refmans/stats/html/Binomial.html)
qchisq()	Calculates a quantile of a chi-squared distribution.	qchisq(0.95, df = 5)	[Practical 3 Part 3](materials/Practical_3_Probability/03-03_distributions.qmd#sec-other_distributions)	Core	Probability	[R help](https://search.r-project.org/R/refmans/stats/html/Chisquare.html)
qexp()	Calculates a quantile of an exponential distribution.	qexp(0.95, rate = 1)	[Practical 3 Part 3](materials/Practical_3_Probability/03-03_distributions.qmd#sec-other_distributions)	Core	Probability	[R help](https://search.r-project.org/R/refmans/stats/html/Exponential.html)
qf()	Calculates a quantile of an F distribution.	qf(0.95, df1 = 5, df2 = 10)	[Practical 3 Part 3](materials/Practical_3_Probability/03-03_distributions.qmd#sec-other_distributions)	Core	Probability	[R help](https://search.r-project.org/R/refmans/stats/html/FDist.html)
qgamma()	Calculates a quantile of a gamma distribution.	qgamma(0.95, shape = 2)	[Practical 3 Part 3](materials/Practical_3_Probability/03-03_distributions.qmd#sec-other_distributions)	Core	Probability	[R help](https://search.r-project.org/R/refmans/stats/html/GammaDist.html)
qgeom()	Calculates a quantile of a geometric distribution.	qgeom(0.95, prob = 0.5)	[Practical 3 Part 3](materials/Practical_3_Probability/03-03_distributions.qmd#sec-other_distributions)	Core	Probability	[R help](https://search.r-project.org/R/refmans/stats/html/Geometric.html)
qhyper()	Calculates a quantile of a hypergeometric distribution.	qhyper(0.95, 10, 20, 5)	[Practical 3 Part 3](materials/Practical_3_Probability/03-03_distributions.qmd#sec-other_distributions)	Core	Probability	[R help](https://search.r-project.org/R/refmans/stats/html/Hypergeometric.html)
qlnorm()	Calculates a quantile of a log-normal distribution.	qlnorm(0.95)	[Practical 3 Part 3](materials/Practical_3_Probability/03-03_distributions.qmd#sec-other_distributions)	Core	Probability	[R help](https://search.r-project.org/R/refmans/stats/html/Lognormal.html)
qnbinom()	Calculates a quantile of a negative binomial distribution.	qnbinom(0.95, size = 5, mu = 10)	[Practical 3 Part 3](materials/Practical_3_Probability/03-03_distributions.qmd#sec-other_distributions)	Core	Probability	[R help](https://search.r-project.org/R/refmans/stats/html/NegBinomial.html)
qnorm()	Calculates a quantile of a normal distribution.	qnorm(0.95, mean = 0, sd = 1)	[Practical 3 Part 3](materials/Practical_3_Probability/03-03_distributions.qmd#sec-other_distributions)	Core	Probability	[R help](https://search.r-project.org/R/refmans/stats/html/Normal.html)
qpois()	Calculates a quantile of a Poisson distribution.	qpois(0.95, lambda = 5)	[Practical 3 Part 3](materials/Practical_3_Probability/03-03_distributions.qmd#sec-other_distributions)	Core	Probability	[R help](https://search.r-project.org/R/refmans/stats/html/Poisson.html)
qt()	Calculates a quantile of a Student's t distribution.	qt(0.95, df = 10)	[Practical 3 Part 3](materials/Practical_3_Probability/03-03_distributions.qmd#sec-other_distributions)	Core	Probability	[R help](https://search.r-project.org/R/refmans/stats/html/TDist.html)
qunif()	Calculates a quantile of a uniform distribution.	qunif(0.95, min = 0, max = 1)	[Practical 3 Part 3](materials/Practical_3_Probability/03-03_distributions.qmd#sec-other_distributions)	Core	Probability	[R help](https://search.r-project.org/R/refmans/stats/html/Uniform.html)
qweibull()	Calculates a quantile of a Weibull distribution.	qweibull(0.95, shape = 2, scale = 50)	[Practical 3 Part 4](materials/Practical_3_Probability/03-04_using_other_distributions.qmd#sec-distribution_2)	Bonus	Probability	[R help](https://search.r-project.org/R/refmans/stats/html/Weibull.html)
rbeta()	Generates random values from a beta distribution.	rbeta(100, shape1 = 2, shape2 = 5)	[Practical 3 Part 3](materials/Practical_3_Probability/03-03_distributions.qmd#sec-other_distributions)	Core	Probability	[R help](https://search.r-project.org/R/refmans/stats/html/Beta.html)
rbinom()	Generates random values from a binomial distribution.	rbinom(n = 1000, size = 150, prob = 0.3)	[Practical 3 Part 2](materials/Practical_3_Probability/03-02_intro_to_probability.qmd#sec-inbuilt_functions)	Core	Probability	[R help](https://search.r-project.org/R/refmans/stats/html/Binomial.html)
rchisq()	Generates random values from a chi-squared distribution.	rchisq(100, df = 5)	[Practical 3 Part 3](materials/Practical_3_Probability/03-03_distributions.qmd#sec-other_distributions)	Core	Probability	[R help](https://search.r-project.org/R/refmans/stats/html/Chisquare.html)
rexp()	Generates random values from an exponential distribution.	rexp(100, rate = 1)	[Practical 3 Part 3](materials/Practical_3_Probability/03-03_distributions.qmd#sec-other_distributions)	Core	Probability	[R help](https://search.r-project.org/R/refmans/stats/html/Exponential.html)
rf()	Generates random values from an F distribution.	rf(100, df1 = 5, df2 = 10)	[Practical 3 Part 3](materials/Practical_3_Probability/03-03_distributions.qmd#sec-other_distributions)	Core	Probability	[R help](https://search.r-project.org/R/refmans/stats/html/FDist.html)
rgamma()	Generates random values from a gamma distribution.	rgamma(100, shape = 2)	[Practical 3 Part 3](materials/Practical_3_Probability/03-03_distributions.qmd#sec-other_distributions)	Core	Probability	[R help](https://search.r-project.org/R/refmans/stats/html/GammaDist.html)
rgeom()	Generates random values from a geometric distribution.	rgeom(100, prob = 0.5)	[Practical 3 Part 3](materials/Practical_3_Probability/03-03_distributions.qmd#sec-other_distributions)	Core	Probability	[R help](https://search.r-project.org/R/refmans/stats/html/Geometric.html)
rhyper()	Generates random values from a hypergeometric distribution.	rhyper(100, 10, 20, 5)	[Practical 3 Part 3](materials/Practical_3_Probability/03-03_distributions.qmd#sec-other_distributions)	Core	Probability	[R help](https://search.r-project.org/R/refmans/stats/html/Hypergeometric.html)
rlnorm()	Generates random values from a log-normal distribution.	rlnorm(100)	[Practical 3 Part 3](materials/Practical_3_Probability/03-03_distributions.qmd#sec-other_distributions)	Core	Probability	[R help](https://search.r-project.org/R/refmans/stats/html/Lognormal.html)
rnbinom()	Generates random values from a negative binomial distribution.	rnbinom(100, size = 5, mu = 10)	[Practical 3 Part 3](materials/Practical_3_Probability/03-03_distributions.qmd#sec-other_distributions)	Core	Probability	[R help](https://search.r-project.org/R/refmans/stats/html/NegBinomial.html)
rnorm()	Generates random values from a normal distribution.	rnorm(100, mean = 0, sd = 1)	[Practical 3 Part 3](materials/Practical_3_Probability/03-03_distributions.qmd#sec-other_distributions)	Core	Probability	[R help](https://search.r-project.org/R/refmans/stats/html/Normal.html)
rpois()	Generates random values from a Poisson distribution.	rpois(17, lambda = 5)	[Practical 3 Part 3](materials/Practical_3_Probability/03-03_distributions.qmd#sec-simulation_drosophila)	Core	Probability	[R help](https://search.r-project.org/R/refmans/stats/html/Poisson.html)
rt()	Generates random values from a Student's t distribution.	rt(100, df = 10)	[Practical 3 Part 3](materials/Practical_3_Probability/03-03_distributions.qmd#sec-other_distributions)	Core	Probability	[R help](https://search.r-project.org/R/refmans/stats/html/TDist.html)
runif()	Generates random values from a uniform distribution.	runif(100, min = 0, max = 1)	[Practical 3 Part 3](materials/Practical_3_Probability/03-03_distributions.qmd#sec-other_distributions)	Core	Probability	[R help](https://search.r-project.org/R/refmans/stats/html/Uniform.html)
rweibull()	Generates random values from a Weibull distribution.	rweibull(n = 1000, shape = 2, scale = 50)	[Practical 3 Part 4](materials/Practical_3_Probability/03-04_using_other_distributions.qmd#sec-distribution_2)	Bonus	Probability	[R help](https://search.r-project.org/R/refmans/stats/html/Weibull.html)
sample()	Randomly selects values from a vector.	sample(breakfast, size = 1)	[Practical 3 Part 1](materials/Practical_3_Probability/03-01_for_loops.qmd#ex-loop_df)	Core	Probability	[R help](https://search.r-project.org/R/refmans/stats/html/sample.html)
ur()	Generates random values using a Runuran random number generator.	ur(cat_gen, n = 10000)	[Practical 3 Part 6](materials/Practical_3_Probability/03-06_bonus_non_standard_distributions.qmd#sec-user_defined)	Bonus	Probability	[R help](https://search.r-project.org/CRAN/refmans/Runuran/html/ur.html)
AIC()	Calculates the Akaike Information Criterion for a fitted model.	AIC(model_1)	[Practical 6 Part 6](materials/Practical_6_Further_Statistics/06-06_choosing_a_model.qmd#sec-AIC)	Extension	Statistics	[R help](https://search.r-project.org/R/refmans/stats/html/AIC.html)
anova()	Produces an ANOVA table for a fitted model.	anova(lm_ht)	[Practical 4 Part 2](materials/Practical_4_Statistics/04-02_hypothesis_testing_1.qmd#sec-anova_cat)	Core	Statistics	[R help](https://search.r-project.org/R/refmans/stats/html/anova.html)
chisq.test()	Performs a chi-squared test of association.	chisq.test(cont_table_country_habitat)	[Practical 4 Part 4](materials/Practical_4_Statistics/04-04_hypothesis_testing_3.qmd#sec-chi_squared)	Core	Statistics	[R help](https://search.r-project.org/R/refmans/stats/html/chisq.test.html)
coef()	Extracts the estimated coefficients from a fitted model.	coef(glm_ht)	[Practical 6 Part 4](materials/Practical_6_Further_Statistics/06-04_glms_binom.qmd#sec-predictions_binom_glms)	Core	Statistics	[R help](https://search.r-project.org/R/refmans/stats/html/coef.html)
cohens_d()	Calculates Cohen's d effect size.	cohens_d(Age \~ Cancer_Type, data = lungs, pooled_sd = TRUE)	[Practical 6 Part 7](materials/Practical_6_Further_Statistics/06-07_power_analysis.qmd#sec-t_test_power)	Extension	Statistics	[R help](https://easystats.github.io/effectsize/reference/cohens_d.html)
cohens_f()	Calculates Cohen's f effect size for an ANOVA.	cohens_f(anova_ct_age)	[Practical 6 Part 7](materials/Practical_6_Further_Statistics/06-07_power_analysis.qmd#sec-power_anova)	Extension	Statistics	[R help](https://easystats.github.io/effectsize/reference/cohens_f.html)
confint()	Calculates confidence intervals for model parameters.	confint(lm_ht)	[Practical 4 Part 2](materials/Practical_4_Statistics/04-02_hypothesis_testing_1.qmd#sec-linear_models_cat)	Core	Statistics	[R help](https://search.r-project.org/R/refmans/stats/html/confint.html)
cooks.distance()	Calculates Cook's distance for observations in a fitted model.	cooks.distance(lm_temp_prec)	[Practical 6 Part 2](materials/Practical_6_Further_Statistics/06-02_model_assumptions.qmd#sec-influential)	Recommended	Statistics	[R help](https://search.r-project.org/R/refmans/stats/html/influence.measures.html)
cor()	Calculates the correlation between two variables.	cor(annual_mean_temp, elevation)	[Practical 4 Part 4](materials/Practical_4_Statistics/04-04_hypothesis_testing_3.qmd#sec-multicollinearity)	Extension	Statistics	[R help](https://search.r-project.org/R/refmans/stats/html/cor.html)
deviance()	Returns the deviance of a fitted model.	deviance(model_1)	[Practical 6 Part 6](materials/Practical_6_Further_Statistics/06-06_choosing_a_model.qmd#ex_septin_pval)	Core	Statistics	[R help](https://search.r-project.org/R/refmans/stats/html/deviance.html)
drop1()	Shows the effect of removing individual terms from a fitted model.	drop1(model_1)	[Practical 6 Part 6](materials/Practical_6_Further_Statistics/06-06_choosing_a_model.qmd#sec-AIC)	Extension	Statistics	[R help](https://search.r-project.org/R/refmans/stats/html/add1.html)
fitted()	Extracts the fitted values from a fitted model.	fitted(linear_model_ht)	[Practical 6 Part 2](materials/Practical_6_Further_Statistics/06-02_model_assumptions.qmd#sec-normality)	Core	Statistics	[R help](https://search.r-project.org/R/refmans/stats/html/fitted.values.html)
glm()	Fits a generalised linear model.	glm(detected_01 \~ min_temp_coldest_month, data = ht_df, family = binomial)	[Practical 6 Part 4](materials/Practical_6_Further_Statistics/06-04_glms_binom.qmd#sec-fitting_binomial_glms)	Core	Statistics	[R help](https://search.r-project.org/R/refmans/stats/html/glm.html)
hatvalues()	Extracts leverage values from a fitted model.	hatvalues(lm_temp_prec)	[Practical 6 Part 2](materials/Practical_6_Further_Statistics/06-02_model_assumptions.qmd#sec-influential)	Recommended	Statistics	[R help](https://search.r-project.org/R/refmans/stats/html/influence.measures.html)
lm()	Fits a linear model relating a response variable to explanatory variables.	lm(min_temp_coldest_month \~ detected, data = ht_temp_df)	[Practical 4 Part 2](materials/Practical_4_Statistics/04-02_hypothesis_testing_1.qmd#sec-linear_models_cat)	Core	Statistics	[R help](https://search.r-project.org/R/refmans/stats/html/lm.html)
logLik()	Returns the log-likelihood of a fitted model.	logLik(model_1)	[Practical 6 Part 6](materials/Practical_6_Further_Statistics/06-06_choosing_a_model.qmd#sec-lrt)	Core	Statistics	[R help](https://search.r-project.org/R/refmans/stats/html/logLik.html)
max()	Returns the largest value.	max(Stopover_Latitude, na.rm = TRUE)	[Practical 2 Part 2](materials/Practical_2_Data_Frames_and_Plots/02-02_manipulating_dataframes2.qmd#sec-summary_stats)	Core	Statistics	[R help](https://search.r-project.org/R/refmans/stats/html/Extremes.html)
mean()	Calculates the mean of a set of values.	mean(input_vec)	[Practical 2 Part 1](materials/Practical_2_Data_Frames_and_Plots/02-01_manipulating_dataframes1.qmd#ex-pipe)	Core	Statistics	[R help](https://search.r-project.org/R/refmans/stats/html/mean.html)
median()	Calculates the median of a set of values.	median(Stopover_Latitude, na.rm = TRUE)	[Practical 2 Part 2](materials/Practical_2_Data_Frames_and_Plots/02-02_manipulating_dataframes2.qmd#ex-medians_migration)	Core	Statistics	[R help](https://search.r-project.org/R/refmans/stats/html/median.html)
min()	Returns the smallest value.	min(Stopover_Latitude, na.rm = TRUE)	[Practical 2 Part 2](materials/Practical_2_Data_Frames_and_Plots/02-02_manipulating_dataframes2.qmd#sec-summary_stats)	Core	Statistics	[R help](https://search.r-project.org/R/refmans/stats/html/Extremes.html)
p.adjust()	Adjusts p-values to account for multiple testing.	p.adjust(pvalue, method = "BH")	[Practical 6 Part 8](materials/Practical_6_Further_Statistics/06-08_multiple_testing.qmd#sec-multiple_testing_corrections)	Extension	Statistics	[R help](https://search.r-project.org/R/refmans/stats/html/p.adjust.html)
predict()	Uses a fitted model to predict the expected value of the response variable.	predict(ht_lm, newdata = new_expl, interval = "confidence")	[Practical 4 Part 6](materials/Practical_4_Statistics/04-06_making_predictions.qmd#sec-predictions)	Core	Statistics	[R help](https://search.r-project.org/R/refmans/stats/html/predict.html)
pwr.anova.test()	Performs a power calculation for an ANOVA.	pwr.anova.test(f = cf_abs, sig.level = 0.05, power = 0.8, k = k)	[Practical 6 Part 7](materials/Practical_6_Further_Statistics/06-07_power_analysis.qmd#sec-power_anova)	Extension	Statistics	[R help](https://search.r-project.org/CRAN/refmans/pwr/html/pwr.anova.test.html)
pwr.chisq.test()	Performs a power calculation for a chi-squared test.	pwr.chisq.test(w = 0.3, df = 2, sig.level = 0.05, power = 0.8)	[Practical 6 Part 7](materials/Practical_6_Further_Statistics/06-07_power_analysis.qmd#sec-other_tests_power)	Extension	Statistics	[R help](https://search.r-project.org/CRAN/refmans/pwr/html/pwr.chisq.test.html)
pwr.f2.test()	Performs a power calculation for a linear model using Cohen's f².	pwr.f2.test(u = 2, f2 = 0.15, sig.level = 0.05, power = 0.8)	[Practical 6 Part 7](materials/Practical_6_Further_Statistics/06-07_power_analysis.qmd#sec-other_tests_power)	Extension	Statistics	[R help](https://search.r-project.org/CRAN/refmans/pwr/html/pwr.f2.test.html)
pwr.t.test()	Performs a power calculation for a t-test.	pwr.t.test(d = abs_cd, sig.level = 0.05, power = 0.8, type = "two.sample")	[Practical 6 Part 7](materials/Practical_6_Further_Statistics/06-07_power_analysis.qmd#sec-t_test_power)	Extension	Statistics	[R help](https://search.r-project.org/CRAN/refmans/pwr/html/pwr.t.test.html)
quantile()	Calculates specified quantiles of a set of values.	quantile(t_dist, probs = c(0.025, 0.975))	[Practical 4 Part 2](materials/Practical_4_Statistics/04-02_hypothesis_testing_1.qmd#sec-t_dist)	Extension	Statistics	[R help](https://search.r-project.org/R/refmans/stats/html/quantile.html)
residuals()	Extracts the residuals from a fitted model.	residuals(linear_model_ht)	[Practical 6 Part 2](materials/Practical_6_Further_Statistics/06-02_model_assumptions.qmd#sec-normality)	Core	Statistics	[R help](https://search.r-project.org/R/refmans/stats/html/residuals.html)
rstandard()	Extracts standardised residuals from a fitted model.	rstandard(linear_model)	[Practical 6 Part 2](materials/Practical_6_Further_Statistics/06-02_model_assumptions.qmd#ex-diagnostic_function)	Recommended	Statistics	[R help](https://search.r-project.org/R/refmans/stats/html/influence.measures.html)
sd()	Calculates the standard deviation of a set of values.	sd(pull(geo, total_length_cm))	[Practical 3 Part 3](materials/Practical_3_Probability/03-03_distributions.qmd#sec-theoretical_normal)	Core	Statistics	[R help](https://search.r-project.org/R/refmans/stats/html/sd.html)
sigma()	Extracts the estimated residual standard deviation from a fitted linear model.	sigma(ht_lm)	[Practical 4 Part 6](materials/Practical_4_Statistics/04-06_making_predictions.qmd#sec-predictions)	Core	Statistics	[R help](https://search.r-project.org/R/refmans/stats/html/sigma.html)
skewness()	Calculates the skewness of a set of values.	skewness(pull(geo, total_length_cm))	[Practical 3 Part 3](materials/Practical_3_Probability/03-03_distributions.qmd#sec-skewness)	Extension	Statistics	[R help](https://search.r-project.org/CRAN/refmans/moments/html/skewness.html)
step()	Performs automated stepwise model selection.	step(lm_1, direction = "backward")	[Practical 6 Part 6](materials/Practical_6_Further_Statistics/06-06_choosing_a_model.qmd#sec-automate_bss)	Extension	Statistics	[R help](https://search.r-project.org/R/refmans/stats/html/step.html)
summary()	Displays a summary of an R object such as a fitted statistical model.	summary(lm_ht)	[Practical 4 Part 2](materials/Practical_4_Statistics/04-02_hypothesis_testing_1.qmd#sec-linear_models_cat)	Core	Statistics	[R help](https://search.r-project.org/R/refmans/stats/html/summary.html)
t.test()	Performs a t-test to compare the means of two groups.	t.test(min_temp_coldest_month \~ detected, data = ht_temp_df, var.equal = TRUE)	[Practical 4 Part 2](materials/Practical_4_Statistics/04-02_hypothesis_testing_1.qmd#sec-run_test)	Core	Statistics	[R help](https://search.r-project.org/R/refmans/stats/html/t.test.html)
var()	Calculates the variance of a set of values.	var(Novel_Mutation_Count)	[Practical 3 Part 3](materials/Practical_3_Probability/03-03_distributions.qmd#sec-examine_drosophila)	Core	Statistics	[R help](https://search.r-project.org/R/refmans/stats/html/cor.html)
xtabs()	Creates a contingency table from categorical variables.	xtabs(\~ country + land_cover, data = site_metadata)	[Practical 4 Part 4](materials/Practical_4_Statistics/04-04_hypothesis_testing_3.qmd#sec-chi_squared)	Core	Statistics	[R help](https://search.r-project.org/R/refmans/stats/html/xtabs.html)
