Gene_ID,Cancer_Type,Gene_Mutation_Count,Gene_Severe_Mutation_Count,Gene_Individuals_with_Mutations_Count,Gene_Individuals_with_Severe_Mutations_Count,Total_Individuals,Total_Mutations,Total_Severe_Mutations,Gene_Individuals_with_Mutations_Prop,Gene_Individuals_with_Severe_Mutations_Prop
PCDHB8,Lung_Adenocarcinoma,108,3,87,2,508,195863,20684,0.17125984251968504,0.003937007874015748
MYH1,Lung_Adenocarcinoma,84,18,73,17,508,195863,20684,0.1437007874015748,0.03346456692913386
SPEG,Lung_Adenocarcinoma,60,10,51,10,508,195863,20684,0.10039370078740158,0.01968503937007874
NRXN3,Lung_Adenocarcinoma,59,1,51,1,508,195863,20684,0.10039370078740158,0.001968503937007874
THSD7A,Lung_Adenocarcinoma,70,10,61,10,508,195863,20684,0.12007874015748031,0.01968503937007874
NLRP3,Lung_Adenocarcinoma,101,12,77,12,508,195863,20684,0.1515748031496063,0.023622047244094488
XIST,Lung_Adenocarcinoma,103,0,84,0,508,195863,20684,0.16535433070866143,0
MYO7B,Lung_Adenocarcinoma,66,4,56,4,508,195863,20684,0.11023622047244094,0.007874015748031496
TAF1L,Lung_Adenocarcinoma,80,9,65,9,508,195863,20684,0.1279527559055118,0.017716535433070866
VPS13B,Lung_Adenocarcinoma,59,9,53,9,508,195863,20684,0.10433070866141732,0.017716535433070866
SLC39A12,Lung_Adenocarcinoma,66,7,52,7,508,195863,20684,0.10236220472440945,0.013779527559055118
POTEH,Lung_Adenocarcinoma,60,6,52,6,508,195863,20684,0.10236220472440945,0.011811023622047244
POM121L12,Lung_Adenocarcinoma,71,2,64,2,508,195863,20684,0.12598425196850394,0.003937007874015748
MYH4,Lung_Adenocarcinoma,68,10,59,9,508,195863,20684,0.11614173228346457,0.017716535433070866
SLITRK2,Lung_Adenocarcinoma,81,3,68,3,508,195863,20684,0.13385826771653545,0.005905511811023622
ERBB4,Lung_Adenocarcinoma,60,10,51,10,508,195863,20684,0.10039370078740158,0.01968503937007874
WDFY3,Lung_Adenocarcinoma,56,10,53,10,508,195863,20684,0.10433070866141732,0.01968503937007874
DNAH8,Lung_Adenocarcinoma,94,12,78,11,508,195863,20684,0.15354330708661418,0.021653543307086614
RGPD4,Lung_Adenocarcinoma,70,6,62,6,508,195863,20684,0.1220472440944882,0.011811023622047244
GRID2,Lung_Adenocarcinoma,65,8,54,7,508,195863,20684,0.1062992125984252,0.013779527559055118
TTN,Lung_Adenocarcinoma,839,59,284,53,508,195863,20684,0.5590551181102362,0.10433070866141732
SLITRK3,Lung_Adenocarcinoma,64,6,55,6,508,195863,20684,0.10826771653543307,0.011811023622047244
SEMA5A,Lung_Adenocarcinoma,69,10,54,10,508,195863,20684,0.1062992125984252,0.01968503937007874
SI,Lung_Adenocarcinoma,120,11,93,11,508,195863,20684,0.1830708661417323,0.021653543307086614
ACAN,Lung_Adenocarcinoma,60,3,54,3,508,195863,20684,0.1062992125984252,0.005905511811023622
LRP1B,Lung_Adenocarcinoma,346,44,194,41,508,195863,20684,0.38188976377952755,0.08070866141732283
DNAH7,Lung_Adenocarcinoma,75,8,68,8,508,195863,20684,0.13385826771653545,0.015748031496062992
CACNA1C,Lung_Adenocarcinoma,72,5,65,5,508,195863,20684,0.1279527559055118,0.00984251968503937
PCDH10,Lung_Adenocarcinoma,98,5,78,5,508,195863,20684,0.15354330708661418,0.00984251968503937
SALL1,Lung_Adenocarcinoma,77,3,58,3,508,195863,20684,0.1141732283464567,0.005905511811023622
LPPR4,Lung_Adenocarcinoma,70,7,60,7,508,195863,20684,0.11811023622047244,0.013779527559055118
ITGAX,Lung_Adenocarcinoma,61,7,51,7,508,195863,20684,0.10039370078740158,0.013779527559055118
CTNND2,Lung_Adenocarcinoma,91,8,72,8,508,195863,20684,0.14173228346456693,0.015748031496062992
MUC5B,Lung_Adenocarcinoma,109,8,76,8,508,195863,20684,0.14960629921259844,0.015748031496062992
ASPM,Lung_Adenocarcinoma,90,5,80,5,508,195863,20684,0.15748031496062992,0.00984251968503937
FLG2,Lung_Adenocarcinoma,95,8,80,8,508,195863,20684,0.15748031496062992,0.015748031496062992
LRRIQ1,Lung_Adenocarcinoma,65,9,57,9,508,195863,20684,0.11220472440944881,0.017716535433070866
PTPRZ1,Lung_Adenocarcinoma,78,6,62,6,508,195863,20684,0.1220472440944882,0.011811023622047244
EPHA6,Lung_Adenocarcinoma,65,6,57,6,508,195863,20684,0.11220472440944881,0.011811023622047244
NLGN4X,Lung_Adenocarcinoma,72,6,62,6,508,195863,20684,0.1220472440944882,0.011811023622047244
FLG,Lung_Adenocarcinoma,242,18,145,17,508,195863,20684,0.2854330708661417,0.03346456692913386
LPHN2,Lung_Adenocarcinoma,63,5,53,5,508,195863,20684,0.10433070866141732,0.00984251968503937
DCDC1,Lung_Adenocarcinoma,77,11,63,11,508,195863,20684,0.12401574803149606,0.021653543307086614
ZAN,Lung_Adenocarcinoma,84,8,66,8,508,195863,20684,0.12992125984251968,0.015748031496062992
RYR2,Lung_Adenocarcinoma,441,48,222,41,508,195863,20684,0.43700787401574803,0.08070866141732283
CACNA1E,Lung_Adenocarcinoma,139,15,101,14,508,195863,20684,0.19881889763779528,0.027559055118110236
SPHKAP,Lung_Adenocarcinoma,72,4,59,4,508,195863,20684,0.11614173228346457,0.007874015748031496
CDH7,Lung_Adenocarcinoma,65,9,59,9,508,195863,20684,0.11614173228346457,0.017716535433070866
HERC2,Lung_Adenocarcinoma,91,10,76,10,508,195863,20684,0.14960629921259844,0.01968503937007874
ROBO2,Lung_Adenocarcinoma,66,6,58,6,508,195863,20684,0.1141732283464567,0.011811023622047244
LTBP1,Lung_Adenocarcinoma,66,9,56,9,508,195863,20684,0.11023622047244094,0.017716535433070866
CUX2,Lung_Adenocarcinoma,57,2,51,2,508,195863,20684,0.10039370078740158,0.003937007874015748
GPR158,Lung_Adenocarcinoma,77,9,66,9,508,195863,20684,0.12992125984251968,0.017716535433070866
BRINP3,Lung_Adenocarcinoma,103,12,83,12,508,195863,20684,0.16338582677165353,0.023622047244094488
NLRP5,Lung_Adenocarcinoma,65,4,56,4,508,195863,20684,0.11023622047244094,0.007874015748031496
TP53,Lung_Adenocarcinoma,280,107,264,106,508,195863,20684,0.5196850393700787,0.20866141732283464
MXRA5,Lung_Adenocarcinoma,123,7,96,7,508,195863,20684,0.1889763779527559,0.013779527559055118
C1orf173,Lung_Adenocarcinoma,115,12,91,12,508,195863,20684,0.17913385826771652,0.023622047244094488
AHNAK,Lung_Adenocarcinoma,81,7,69,7,508,195863,20684,0.13582677165354332,0.013779527559055118
SPATA31D1,Lung_Adenocarcinoma,76,4,64,4,508,195863,20684,0.12598425196850394,0.007874015748031496
ZNF831,Lung_Adenocarcinoma,107,10,85,9,508,195863,20684,0.1673228346456693,0.017716535433070866
NALCN,Lung_Adenocarcinoma,121,15,89,14,508,195863,20684,0.17519685039370078,0.027559055118110236
ABCA13,Lung_Adenocarcinoma,105,12,89,12,508,195863,20684,0.17519685039370078,0.023622047244094488
CNTNAP4,Lung_Adenocarcinoma,71,12,56,11,508,195863,20684,0.11023622047244094,0.021653543307086614
LAMA2,Lung_Adenocarcinoma,105,12,80,12,508,195863,20684,0.15748031496062992,0.023622047244094488
KMT2D,Lung_Adenocarcinoma,54,8,51,8,508,195863,20684,0.10039370078740158,0.015748031496062992
CNTNAP5,Lung_Adenocarcinoma,125,10,91,10,508,195863,20684,0.17913385826771652,0.01968503937007874
UNC79,Lung_Adenocarcinoma,99,8,73,7,508,195863,20684,0.1437007874015748,0.013779527559055118
ADAMTS16,Lung_Adenocarcinoma,55,9,53,9,508,195863,20684,0.10433070866141732,0.017716535433070866
KLHL1,Lung_Adenocarcinoma,61,11,54,9,508,195863,20684,0.1062992125984252,0.017716535433070866
FAM47C,Lung_Adenocarcinoma,93,12,75,12,508,195863,20684,0.14763779527559054,0.023622047244094488
MACF1,Lung_Adenocarcinoma,75,10,61,10,508,195863,20684,0.12007874015748031,0.01968503937007874
FAM47A,Lung_Adenocarcinoma,78,10,60,10,508,195863,20684,0.11811023622047244,0.01968503937007874
KMT2C,Lung_Adenocarcinoma,90,11,72,11,508,195863,20684,0.14173228346456693,0.021653543307086614
COL22A1,Lung_Adenocarcinoma,90,13,69,13,508,195863,20684,0.13582677165354332,0.025590551181102362
USH2A,Lung_Adenocarcinoma,338,31,190,30,508,195863,20684,0.37401574803149606,0.05905511811023622
PTPRB,Lung_Adenocarcinoma,60,8,51,8,508,195863,20684,0.10039370078740158,0.015748031496062992
CDH10,Lung_Adenocarcinoma,129,17,100,16,508,195863,20684,0.1968503937007874,0.031496062992125984
CDH12,Lung_Adenocarcinoma,84,9,72,9,508,195863,20684,0.14173228346456693,0.017716535433070866
GRM5,Lung_Adenocarcinoma,54,3,51,3,508,195863,20684,0.10039370078740158,0.005905511811023622
TENM2,Lung_Adenocarcinoma,73,7,67,7,508,195863,20684,0.13188976377952755,0.013779527559055118
DNAH5,Lung_Adenocarcinoma,99,12,77,12,508,195863,20684,0.1515748031496063,0.023622047244094488
CDH8,Lung_Adenocarcinoma,64,7,55,7,508,195863,20684,0.10826771653543307,0.013779527559055118
LAMA1,Lung_Adenocarcinoma,79,9,63,8,508,195863,20684,0.12401574803149606,0.015748031496062992
DMD,Lung_Adenocarcinoma,138,22,92,19,508,195863,20684,0.18110236220472442,0.03740157480314961
EGFR,Lung_Adenocarcinoma,86,31,70,31,508,195863,20684,0.13779527559055119,0.0610236220472441
COL12A1,Lung_Adenocarcinoma,71,10,61,10,508,195863,20684,0.12007874015748031,0.01968503937007874
RIMS2,Lung_Adenocarcinoma,118,11,91,11,508,195863,20684,0.17913385826771652,0.021653543307086614
HCN1,Lung_Adenocarcinoma,90,5,75,5,508,195863,20684,0.14763779527559054,0.00984251968503937
CTNNA2,Lung_Adenocarcinoma,92,12,69,12,508,195863,20684,0.13582677165354332,0.023622047244094488
ASTN1,Lung_Adenocarcinoma,117,9,91,9,508,195863,20684,0.17913385826771652,0.017716535433070866
ADAMTS12,Lung_Adenocarcinoma,156,16,116,16,508,195863,20684,0.2283464566929134,0.031496062992125984
COL11A1,Lung_Adenocarcinoma,158,26,112,24,508,195863,20684,0.2204724409448819,0.047244094488188976
NAV3,Lung_Adenocarcinoma,156,16,117,15,508,195863,20684,0.23031496062992127,0.02952755905511811
MAGEC1,Lung_Adenocarcinoma,69,7,55,7,508,195863,20684,0.10826771653543307,0.013779527559055118
NBAS,Lung_Adenocarcinoma,60,10,52,10,508,195863,20684,0.10236220472440945,0.01968503937007874
KCNB2,Lung_Adenocarcinoma,56,0,51,0,508,195863,20684,0.10039370078740158,0
COL6A3,Lung_Adenocarcinoma,96,6,76,6,508,195863,20684,0.14960629921259844,0.011811023622047244
APOB,Lung_Adenocarcinoma,142,6,109,6,508,195863,20684,0.21456692913385828,0.011811023622047244
ASTN2,Lung_Adenocarcinoma,85,10,71,9,508,195863,20684,0.13976377952755906,0.017716535433070866
SCN3A,Lung_Adenocarcinoma,59,3,56,3,508,195863,20684,0.11023622047244094,0.005905511811023622
PTPRT,Lung_Adenocarcinoma,86,12,66,12,508,195863,20684,0.12992125984251968,0.023622047244094488
OVCH1,Lung_Adenocarcinoma,66,10,57,10,508,195863,20684,0.11220472440944881,0.01968503937007874
FAT3,Lung_Adenocarcinoma,202,18,139,18,508,195863,20684,0.2736220472440945,0.03543307086614173
PDE4DIP,Lung_Adenocarcinoma,62,6,54,5,508,195863,20684,0.1062992125984252,0.00984251968503937
DCAF4L2,Lung_Adenocarcinoma,78,10,67,10,508,195863,20684,0.13188976377952755,0.01968503937007874
UNC13C,Lung_Adenocarcinoma,63,4,53,4,508,195863,20684,0.10433070866141732,0.007874015748031496
LYST,Lung_Adenocarcinoma,61,7,54,7,508,195863,20684,0.1062992125984252,0.013779527559055118
NCKAP5,Lung_Adenocarcinoma,76,8,66,8,508,195863,20684,0.12992125984251968,0.015748031496062992
ANK1,Lung_Adenocarcinoma,58,8,51,8,508,195863,20684,0.10039370078740158,0.015748031496062992
ZNF536,Lung_Adenocarcinoma,182,20,132,20,508,195863,20684,0.25984251968503935,0.03937007874015748
LRP2,Lung_Adenocarcinoma,104,6,83,6,508,195863,20684,0.16338582677165353,0.011811023622047244
FCGBP,Lung_Adenocarcinoma,65,7,57,7,508,195863,20684,0.11220472440944881,0.013779527559055118
CRB1,Lung_Adenocarcinoma,84,9,72,9,508,195863,20684,0.14173228346456693,0.017716535433070866
STK11,Lung_Adenocarcinoma,82,55,75,53,508,195863,20684,0.14763779527559054,0.10433070866141732
HECW1,Lung_Adenocarcinoma,84,10,65,10,508,195863,20684,0.1279527559055118,0.01968503937007874
ZNF521,Lung_Adenocarcinoma,85,12,62,11,508,195863,20684,0.1220472440944882,0.021653543307086614
HRNR,Lung_Adenocarcinoma,114,10,84,10,508,195863,20684,0.16535433070866143,0.01968503937007874
MUC16,Lung_Adenocarcinoma,500,48,237,42,508,195863,20684,0.46653543307086615,0.08267716535433071
NPAP1,Lung_Adenocarcinoma,123,7,96,6,508,195863,20684,0.1889763779527559,0.011811023622047244
FAT2,Lung_Adenocarcinoma,74,8,62,8,508,195863,20684,0.1220472440944882,0.015748031496062992
ANK2,Lung_Adenocarcinoma,156,13,113,13,508,195863,20684,0.22244094488188976,0.025590551181102362
ZNF423,Lung_Adenocarcinoma,71,7,60,7,508,195863,20684,0.11811023622047244,0.013779527559055118
RP1L1,Lung_Adenocarcinoma,135,11,100,11,508,195863,20684,0.1968503937007874,0.021653543307086614
NRXN1,Lung_Adenocarcinoma,131,13,94,13,508,195863,20684,0.18503937007874016,0.025590551181102362
ZP4,Lung_Adenocarcinoma,70,9,64,9,508,195863,20684,0.12598425196850394,0.017716535433070866
GPR98,Lung_Adenocarcinoma,63,10,57,10,508,195863,20684,0.11220472440944881,0.01968503937007874
ACTN2,Lung_Adenocarcinoma,62,3,53,3,508,195863,20684,0.10433070866141732,0.005905511811023622
TMTC1,Lung_Adenocarcinoma,66,9,53,9,508,195863,20684,0.10433070866141732,0.017716535433070866
PAPPA2,Lung_Adenocarcinoma,164,15,112,15,508,195863,20684,0.2204724409448819,0.02952755905511811
FAM135B,Lung_Adenocarcinoma,123,9,94,9,508,195863,20684,0.18503937007874016,0.017716535433070866
PLXNA4,Lung_Adenocarcinoma,95,6,77,6,508,195863,20684,0.1515748031496063,0.011811023622047244
TEX15,Lung_Adenocarcinoma,65,10,60,10,508,195863,20684,0.11811023622047244,0.01968503937007874
PTPRD,Lung_Adenocarcinoma,128,15,99,14,508,195863,20684,0.19488188976377951,0.027559055118110236
DCAF12L2,Lung_Adenocarcinoma,62,4,51,4,508,195863,20684,0.10039370078740158,0.007874015748031496
TLR4,Lung_Adenocarcinoma,84,10,74,10,508,195863,20684,0.14566929133858267,0.01968503937007874
OBSCN,Lung_Adenocarcinoma,146,9,116,9,508,195863,20684,0.2283464566929134,0.017716535433070866
DOCK2,Lung_Adenocarcinoma,96,12,74,10,508,195863,20684,0.14566929133858267,0.01968503937007874
GRM8,Lung_Adenocarcinoma,69,8,57,8,508,195863,20684,0.11220472440944881,0.015748031496062992
PCDH15,Lung_Adenocarcinoma,191,18,124,16,508,195863,20684,0.2440944881889764,0.031496062992125984
SYNE2,Lung_Adenocarcinoma,81,12,68,12,508,195863,20684,0.13385826771653545,0.023622047244094488
HMCN1,Lung_Adenocarcinoma,126,21,94,19,508,195863,20684,0.18503937007874016,0.03740157480314961
SSPO,Lung_Adenocarcinoma,110,4,94,4,508,195863,20684,0.18503937007874016,0.007874015748031496
CSMD2,Lung_Adenocarcinoma,110,11,90,11,508,195863,20684,0.17716535433070865,0.021653543307086614
PLCB1,Lung_Adenocarcinoma,63,5,54,5,508,195863,20684,0.1062992125984252,0.00984251968503937
ASXL3,Lung_Adenocarcinoma,112,8,89,8,508,195863,20684,0.17519685039370078,0.015748031496062992
BAGE2,Lung_Adenocarcinoma,110,4,91,4,508,195863,20684,0.17913385826771652,0.007874015748031496
LRFN5,Lung_Adenocarcinoma,61,7,58,7,508,195863,20684,0.1141732283464567,0.013779527559055118
CUBN,Lung_Adenocarcinoma,88,15,73,15,508,195863,20684,0.1437007874015748,0.02952755905511811
EPHA5,Lung_Adenocarcinoma,91,14,76,13,508,195863,20684,0.14960629921259844,0.025590551181102362
KDR,Lung_Adenocarcinoma,59,7,51,7,508,195863,20684,0.10039370078740158,0.013779527559055118
CSMD3,Lung_Adenocarcinoma,429,67,225,57,508,195863,20684,0.44291338582677164,0.11220472440944881
MYH6,Lung_Adenocarcinoma,67,3,56,3,508,195863,20684,0.11023622047244094,0.005905511811023622
SLITRK1,Lung_Adenocarcinoma,70,4,58,4,508,195863,20684,0.1141732283464567,0.007874015748031496
FAM47B,Lung_Adenocarcinoma,63,6,55,6,508,195863,20684,0.10826771653543307,0.011811023622047244
F8,Lung_Adenocarcinoma,62,9,53,9,508,195863,20684,0.10433070866141732,0.017716535433070866
LAMB4,Lung_Adenocarcinoma,61,6,51,6,508,195863,20684,0.10039370078740158,0.011811023622047244
NELL1,Lung_Adenocarcinoma,62,9,57,9,508,195863,20684,0.11220472440944881,0.017716535433070866
PCDHB7,Lung_Adenocarcinoma,61,3,56,3,508,195863,20684,0.11023622047244094,0.005905511811023622
KEAP1,Lung_Adenocarcinoma,96,21,95,21,508,195863,20684,0.18700787401574803,0.04133858267716536
SCN10A,Lung_Adenocarcinoma,62,6,55,5,508,195863,20684,0.10826771653543307,0.00984251968503937
GPR112,Lung_Adenocarcinoma,126,15,102,14,508,195863,20684,0.20078740157480315,0.027559055118110236
RYR1,Lung_Adenocarcinoma,143,13,106,13,508,195863,20684,0.20866141732283464,0.025590551181102362
ADCY8,Lung_Adenocarcinoma,69,4,59,4,508,195863,20684,0.11614173228346457,0.007874015748031496
PKHD1,Lung_Adenocarcinoma,104,6,82,6,508,195863,20684,0.16141732283464566,0.011811023622047244
LRRTM4,Lung_Adenocarcinoma,84,6,70,6,508,195863,20684,0.13779527559055119,0.011811023622047244
MYH7,Lung_Adenocarcinoma,78,9,68,9,508,195863,20684,0.13385826771653545,0.017716535433070866
CACNA1B,Lung_Adenocarcinoma,57,11,53,11,508,195863,20684,0.10433070866141732,0.021653543307086614
NEB,Lung_Adenocarcinoma,112,12,84,12,508,195863,20684,0.16535433070866143,0.023622047244094488
KCNT2,Lung_Adenocarcinoma,64,11,55,10,508,195863,20684,0.10826771653543307,0.01968503937007874
TSHZ3,Lung_Adenocarcinoma,110,10,88,10,508,195863,20684,0.1732283464566929,0.01968503937007874
ADCY2,Lung_Adenocarcinoma,71,6,62,6,508,195863,20684,0.1220472440944882,0.011811023622047244
FBXL7,Lung_Adenocarcinoma,67,2,56,2,508,195863,20684,0.11023622047244094,0.003937007874015748
ZNF479,Lung_Adenocarcinoma,61,9,54,9,508,195863,20684,0.1062992125984252,0.017716535433070866
DNAH11,Lung_Adenocarcinoma,82,6,66,6,508,195863,20684,0.12992125984251968,0.011811023622047244
GRIN2A,Lung_Adenocarcinoma,72,7,60,7,508,195863,20684,0.11811023622047244,0.013779527559055118
FAT4,Lung_Adenocarcinoma,126,5,98,5,508,195863,20684,0.19291338582677164,0.00984251968503937
TNR,Lung_Adenocarcinoma,141,15,111,14,508,195863,20684,0.21850393700787402,0.027559055118110236
GRIN2B,Lung_Adenocarcinoma,73,4,65,4,508,195863,20684,0.1279527559055118,0.007874015748031496
FBN2,Lung_Adenocarcinoma,123,25,93,21,508,195863,20684,0.1830708661417323,0.04133858267716536
TENM1,Lung_Adenocarcinoma,101,14,73,14,508,195863,20684,0.1437007874015748,0.027559055118110236
TNN,Lung_Adenocarcinoma,106,14,80,14,508,195863,20684,0.15748031496062992,0.027559055118110236
SLC8A1,Lung_Adenocarcinoma,69,4,63,4,508,195863,20684,0.12401574803149606,0.007874015748031496
ZFPM2,Lung_Adenocarcinoma,74,4,62,4,508,195863,20684,0.1220472440944882,0.007874015748031496
KRAS,Lung_Adenocarcinoma,155,1,151,1,508,195863,20684,0.297244094488189,0.001968503937007874
STAB2,Lung_Adenocarcinoma,68,9,56,9,508,195863,20684,0.11023622047244094,0.017716535433070866
AFF2,Lung_Adenocarcinoma,88,10,70,10,508,195863,20684,0.13779527559055119,0.01968503937007874
EPHA3,Lung_Adenocarcinoma,68,9,53,9,508,195863,20684,0.10433070866141732,0.017716535433070866
SORCS3,Lung_Adenocarcinoma,73,14,61,13,508,195863,20684,0.12007874015748031,0.025590551181102362
PCDH11X,Lung_Adenocarcinoma,129,12,100,12,508,195863,20684,0.1968503937007874,0.023622047244094488
FAT1,Lung_Adenocarcinoma,69,10,61,10,508,195863,20684,0.12007874015748031,0.01968503937007874
FMN2,Lung_Adenocarcinoma,81,11,66,11,508,195863,20684,0.12992125984251968,0.021653543307086614
MGAM,Lung_Adenocarcinoma,74,5,66,5,508,195863,20684,0.12992125984251968,0.00984251968503937
TRPS1,Lung_Adenocarcinoma,71,10,62,9,508,195863,20684,0.1220472440944882,0.017716535433070866
VCAN,Lung_Adenocarcinoma,109,12,85,12,508,195863,20684,0.1673228346456693,0.023622047244094488
PEG3,Lung_Adenocarcinoma,93,12,80,12,508,195863,20684,0.15748031496062992,0.023622047244094488
ZNF804A,Lung_Adenocarcinoma,122,17,94,16,508,195863,20684,0.18503937007874016,0.031496062992125984
SNTG1,Lung_Adenocarcinoma,88,12,76,12,508,195863,20684,0.14960629921259844,0.023622047244094488
PCDH17,Lung_Adenocarcinoma,75,7,65,7,508,195863,20684,0.1279527559055118,0.013779527559055118
LPA,Lung_Adenocarcinoma,62,10,53,9,508,195863,20684,0.10433070866141732,0.017716535433070866
SDK1,Lung_Adenocarcinoma,61,3,51,3,508,195863,20684,0.10039370078740158,0.005905511811023622
EYS,Lung_Adenocarcinoma,58,10,53,10,508,195863,20684,0.10433070866141732,0.01968503937007874
MUC17,Lung_Adenocarcinoma,176,8,125,8,508,195863,20684,0.24606299212598426,0.015748031496062992
ZNF804B,Lung_Adenocarcinoma,70,5,59,5,508,195863,20684,0.11614173228346457,0.00984251968503937
COL19A1,Lung_Adenocarcinoma,60,7,53,7,508,195863,20684,0.10433070866141732,0.013779527559055118
RYR3,Lung_Adenocarcinoma,169,16,122,15,508,195863,20684,0.24015748031496062,0.02952755905511811
KIAA1109,Lung_Adenocarcinoma,72,11,62,11,508,195863,20684,0.1220472440944882,0.021653543307086614
DST,Lung_Adenocarcinoma,156,16,104,14,508,195863,20684,0.2047244094488189,0.027559055118110236
ZNF208,Lung_Adenocarcinoma,70,10,57,9,508,195863,20684,0.11220472440944881,0.017716535433070866
SVEP1,Lung_Adenocarcinoma,67,7,59,7,508,195863,20684,0.11614173228346457,0.013779527559055118
PRUNE2,Lung_Adenocarcinoma,97,4,78,4,508,195863,20684,0.15354330708661418,0.007874015748031496
NF1,Lung_Adenocarcinoma,75,36,66,32,508,195863,20684,0.12992125984251968,0.06299212598425197
MYT1L,Lung_Adenocarcinoma,66,5,56,5,508,195863,20684,0.11023622047244094,0.00984251968503937
ADAMTS20,Lung_Adenocarcinoma,80,11,66,11,508,195863,20684,0.12992125984251968,0.021653543307086614
ATRNL1,Lung_Adenocarcinoma,65,9,57,8,508,195863,20684,0.11220472440944881,0.015748031496062992
PLEC,Lung_Adenocarcinoma,67,4,63,4,508,195863,20684,0.12401574803149606,0.007874015748031496
CNTNAP2,Lung_Adenocarcinoma,99,13,77,12,508,195863,20684,0.1515748031496063,0.023622047244094488
NTRK3,Lung_Adenocarcinoma,66,2,55,2,508,195863,20684,0.10826771653543307,0.003937007874015748
DNAH3,Lung_Adenocarcinoma,77,3,64,3,508,195863,20684,0.12598425196850394,0.005905511811023622
PXDNL,Lung_Adenocarcinoma,109,10,90,10,508,195863,20684,0.17716535433070865,0.01968503937007874
BAI3,Lung_Adenocarcinoma,85,8,75,8,508,195863,20684,0.14763779527559054,0.015748031496062992
SYNE1,Lung_Adenocarcinoma,121,17,90,15,508,195863,20684,0.17716535433070865,0.02952755905511811
HYDIN,Lung_Adenocarcinoma,89,12,70,12,508,195863,20684,0.13779527559055119,0.023622047244094488
PRDM9,Lung_Adenocarcinoma,114,15,97,14,508,195863,20684,0.19094488188976377,0.027559055118110236
ABCB5,Lung_Adenocarcinoma,72,7,59,7,508,195863,20684,0.11614173228346457,0.013779527559055118
MYH2,Lung_Adenocarcinoma,90,13,75,12,508,195863,20684,0.14763779527559054,0.023622047244094488
CNTN5,Lung_Adenocarcinoma,59,11,52,10,508,195863,20684,0.10236220472440945,0.01968503937007874
DPP6,Lung_Adenocarcinoma,68,3,52,3,508,195863,20684,0.10236220472440945,0.005905511811023622
DUSP27,Lung_Adenocarcinoma,67,9,56,9,508,195863,20684,0.11023622047244094,0.017716535433070866
MYH13,Lung_Adenocarcinoma,65,7,60,7,508,195863,20684,0.11811023622047244,0.013779527559055118
COL5A2,Lung_Adenocarcinoma,62,10,56,10,508,195863,20684,0.11023622047244094,0.01968503937007874
TENM3,Lung_Adenocarcinoma,67,9,60,9,508,195863,20684,0.11811023622047244,0.017716535433070866
SPTA1,Lung_Adenocarcinoma,226,33,151,33,508,195863,20684,0.297244094488189,0.06496062992125984
SETBP1,Lung_Adenocarcinoma,80,11,65,11,508,195863,20684,0.1279527559055118,0.021653543307086614
MALAT1,Lung_Adenocarcinoma,66,0,58,0,508,195863,20684,0.1141732283464567,0
CSMD1,Lung_Adenocarcinoma,174,22,128,21,508,195863,20684,0.25196850393700787,0.04133858267716536
LPHN3,Lung_Adenocarcinoma,86,12,72,11,508,195863,20684,0.14173228346456693,0.021653543307086614
CHL1,Lung_Adenocarcinoma,67,7,56,7,508,195863,20684,0.11023622047244094,0.013779527559055118
FLNC,Lung_Adenocarcinoma,81,3,62,3,508,195863,20684,0.1220472440944882,0.005905511811023622
RELN,Lung_Adenocarcinoma,131,11,99,11,508,195863,20684,0.19488188976377951,0.021653543307086614
AHNAK2,Lung_Adenocarcinoma,146,7,100,6,508,195863,20684,0.1968503937007874,0.011811023622047244
SORCS1,Lung_Adenocarcinoma,102,12,76,11,508,195863,20684,0.14960629921259844,0.021653543307086614
TG,Lung_Adenocarcinoma,85,13,64,12,508,195863,20684,0.12598425196850394,0.023622047244094488
ZFHX4,Lung_Adenocarcinoma,295,30,175,29,508,195863,20684,0.34448818897637795,0.05708661417322835
TIAM1,Lung_Adenocarcinoma,75,10,65,10,508,195863,20684,0.1279527559055118,0.01968503937007874
THSD7B,Lung_Adenocarcinoma,68,7,55,7,508,195863,20684,0.10826771653543307,0.013779527559055118
PKHD1L1,Lung_Adenocarcinoma,104,11,75,11,508,195863,20684,0.14763779527559054,0.021653543307086614
CDH18,Lung_Adenocarcinoma,69,5,63,5,508,195863,20684,0.12401574803149606,0.00984251968503937
LRRC4C,Lung_Adenocarcinoma,62,6,51,6,508,195863,20684,0.10039370078740158,0.011811023622047244
XIRP2,Lung_Adenocarcinoma,245,21,165,20,508,195863,20684,0.3248031496062992,0.03937007874015748
CDH23,Lung_Adenocarcinoma,61,3,54,3,508,195863,20684,0.1062992125984252,0.005905511811023622
CDH9,Lung_Adenocarcinoma,94,12,79,12,508,195863,20684,0.15551181102362205,0.023622047244094488
KIF2B,Lung_Adenocarcinoma,87,6,75,6,508,195863,20684,0.14763779527559054,0.011811023622047244
DNAH9,Lung_Adenocarcinoma,153,23,111,21,508,195863,20684,0.21850393700787402,0.04133858267716536
LRRC7,Lung_Adenocarcinoma,121,19,92,19,508,195863,20684,0.18110236220472442,0.03740157480314961
SPATA31A6,Lung_Adenocarcinoma,66,5,57,5,508,195863,20684,0.11220472440944881,0.00984251968503937
MYO18B,Lung_Adenocarcinoma,67,3,59,3,508,195863,20684,0.11614173228346457,0.005905511811023622
TRPA1,Lung_Adenocarcinoma,71,12,63,12,508,195863,20684,0.12401574803149606,0.023622047244094488
MYH8,Lung_Adenocarcinoma,77,7,67,7,508,195863,20684,0.13188976377952755,0.013779527559055118
CPS1,Lung_Adenocarcinoma,86,12,72,12,508,195863,20684,0.14173228346456693,0.023622047244094488
PKD1L1,Lung_Adenocarcinoma,65,4,57,4,508,195863,20684,0.11220472440944881,0.007874015748031496
TPTE,Lung_Adenocarcinoma,93,15,79,15,508,195863,20684,0.15551181102362205,0.02952755905511811
DCHS2,Lung_Adenocarcinoma,66,5,56,5,508,195863,20684,0.11023622047244094,0.00984251968503937
FER1L6,Lung_Adenocarcinoma,70,12,58,12,508,195863,20684,0.1141732283464567,0.023622047244094488
SLIT2,Lung_Adenocarcinoma,65,10,56,10,508,195863,20684,0.11023622047244094,0.01968503937007874
MMP16,Lung_Adenocarcinoma,74,8,62,7,508,195863,20684,0.1220472440944882,0.013779527559055118
ANKRD30A,Lung_Adenocarcinoma,75,8,62,8,508,195863,20684,0.1220472440944882,0.015748031496062992
EPHB6,Lung_Adenocarcinoma,65,4,55,4,508,195863,20684,0.10826771653543307,0.007874015748031496
COL3A1,Lung_Adenocarcinoma,81,9,67,9,508,195863,20684,0.13188976377952755,0.017716535433070866
ITGA8,Lung_Adenocarcinoma,66,8,56,8,508,195863,20684,0.11023622047244094,0.015748031496062992
PCLO,Lung_Adenocarcinoma,163,17,121,16,508,195863,20684,0.23818897637795275,0.031496062992125984
